gtfs_id,stop_code,geo_json,gates,stop_lat,stop_lon,stop_name,geojson_index
please-ues-me,104,"{""type"":""MultiPolygon"",""coordinates"":[[[[77.460407724,12.89698772],[77.461064206,12.897607262],[77.461801954,12.898092283],[77.461872306,12.898030567],[77.46221706,12.897784657],[77.461503256,12.897199603],[77.460845334,12.896566335],[77.460407724,12.89698772]]]]}","[{""gateName"": ""Challaghatta"", ""stop_code"": ""104_1"", ""lat"": 12.897354, ""lon"": 77.46129}, {""gateName"": ""Challaghatta"", ""stop_code"": ""104_2"", ""lat"": 12.897354, ""lon"": 77.46129}]",12.897354,77.46129,Challaghatta,24
please-ues-me,15,"{""type"":""MultiPolygon"",""coordinates"":[[[[77.533919,12.962741],[77.534009,12.962687],[77.534112,12.962649],[77.534219,12.962599],[77.534174,12.962497],[77.534122,12.962382],[77.533797,12.961598],[77.533715,12.961462],[77.533627,12.961306],[77.533488,12.961376],[77.533432,12.961402],[77.533363,12.961434],[77.533306,12.961363],[77.533086,12.961276],[77.532807,12.961369],[77.53282,12.961577],[77.532897,12.961816],[77.533381,12.961957],[77.533489,12.962161],[77.533711,12.962643],[77.533797,12.96281],[77.533919,12.962741]]]]}","[{""gateName"": ""Attiguppe"", ""stop_code"": ""15_1"", ""lat"": 12.961893, ""lon"": 77.53358}, {""gateName"": ""Attiguppe"", ""stop_code"": ""15_2"", ""lat"": 12.961893, ""lon"": 77.53358}, {""gateName"": ""A-Hampi Nagar Side"", ""stop_code"": ""15_G_A"", ""lat"": 12.96240762, ""lon"": 77.5339803}, {""gateName"": ""B-Hampi Nagar Side"", ""stop_code"": ""15_G_B"", ""lat"": 12.96218282, ""lon"": 77.53392935}, {""gateName"": ""C-Chandra Layout Side"", ""stop_code"": ""15_G_C"", ""lat"": 12.96162084, ""lon"": 77.53335535}]",12.961893,77.53358,Attiguppe,68
please-ues-me,63,"{""type"":""MultiPolygon"",""coordinates"":[[[[77.562116,12.888384],[77.562106,12.888502],[77.562065,12.88855],[77.562089,12.888635],[77.562118,12.888732],[77.562194,12.888824],[77.562878,12.88938],[77.562929,12.889422],[77.562975,12.889442],[77.563075,12.889469],[77.563257,12.889572],[77.563361,12.889462],[77.563446,12.889439],[77.563505,12.889427],[77.563528,12.889417],[77.563556,12.889398],[77.563574,12.889222],[77.563488,12.889141],[77.563393,12.889051],[77.56264,12.88842],[77.562569,12.888373],[77.562454,12.888341],[77.56245,12.888316],[77.562437,12.88835],[77.562388,12.88835],[77.562365,12.888348],[77.562338,12.888344],[77.562327,12.888361],[77.562291,12.888344],[77.562272,12.888306],[77.562251,12.888284],[77.562231,12.888246],[77.562138,12.888311],[77.562116,12.888384]]]]}","[{""gateName"": ""Konanakunte Cross"", ""stop_code"": ""63_1"", ""lat"": 12.888967, ""lon"": 77.56267}, {""gateName"": ""Konanakunte Cross"", ""stop_code"": ""63_2"", ""lat"": 12.888967, ""lon"": 77.56267}, {""gateName"": ""A-Konankunte Village Side"", ""stop_code"": ""63_G_A"", ""lat"": 12.88883164, ""lon"": 77.56284892}, {""gateName"": ""B-Vasanthapura Main Road Side"", ""stop_code"": ""63_G_B"", ""lat"": 12.8891016, ""lon"": 77.5625968}]",12.888967,77.56267,Konanakunte Cross,38
please-ues-me,67,"{""type"":""MultiPolygon"",""coordinates"":[[[[77.530114,12.861351],[77.529894,12.861201],[77.529741,12.860836],[77.529395,12.861056],[77.529423,12.861205],[77.529446,12.861266],[77.529511,12.861372],[77.529547,12.86144],[77.529702,12.861743],[77.529881,12.862034],[77.529913,12.862102],[77.52999,12.862243],[77.530096,12.86234],[77.530351,12.862218],[77.530426,12.862177],[77.530711,12.861978],[77.530326,12.861366],[77.530114,12.861351]]]]}","[{""gateName"": ""Silk Institute"", ""stop_code"": ""67_1"", ""lat"": 12.86173, ""lon"": 77.52995}, {""gateName"": ""Silk Institute"", ""stop_code"": ""67_2"", ""lat"": 12.86173, ""lon"": 77.52995}, {""gateName"": ""A-Judicial Layout BDA"", ""stop_code"": ""67_G_A"", ""lat"": 12.86166547, ""lon"": 77.53016453}, {""gateName"": ""B-Jyothi Farm"", ""stop_code"": ""67_G_B"", ""lat"": 12.86157705, ""lon"": 77.52969062}]",12.86173,77.52995,Silk Institute,43
please-ues-me,20,"{""type"":""MultiPolygon"",""coordinates"":[[[[77.511549,12.93542],[77.51211,12.935646],[77.512284,12.935724],[77.512452,12.935798],[77.512716,12.935893],[77.512816,12.935799],[77.512869,12.935692],[77.512906,12.93557],[77.512883,12.935505],[77.511948,12.935166],[77.511957,12.935131],[77.512132,12.93518],[77.512178,12.935058],[77.511879,12.93496],[77.511799,12.93512],[77.511667,12.935071],[77.511582,12.935244],[77.511549,12.93542]]]]}","[{""gateName"": ""Jnanabharathi"", ""stop_code"": ""20_1"", ""lat"": 12.935436, ""lon"": 77.512405}, {""gateName"": ""Jnanabharathi"", ""stop_code"": ""20_2"", ""lat"": 12.935436, ""lon"": 77.512405}, {""gateName"": ""A-Kenchenahalli Side"", ""stop_code"": ""20_G_A"", ""lat"": 12.93511742, ""lon"": 77.51219541}, {""gateName"": ""B-Bangalore University Side"", ""stop_code"": ""20_G_B"", ""lat"": 12.93551739, ""lon"": 77.51215517}]",12.935436,77.512405,Jnanabharathi,73
please-ues-me,11,"{""type"":""MultiPolygon"",""coordinates"":[[[[77.565369,12.975457],[77.565287768,12.975238527],[77.565131195,12.975339662],[77.564847,12.975966],[77.56466,12.975997],[77.564637,12.975977],[77.564642,12.975934],[77.564180429,12.976008752],[77.564303262,12.97646967],[77.564711746,12.97641211],[77.564667,12.976159],[77.565808,12.976281],[77.56641,12.976324],[77.566888,12.976345],[77.566893,12.976302],[77.56691,12.97629],[77.566948,12.976295],[77.56698,12.976389],[77.567034,12.976468],[77.567074,12.976653],[77.567179,12.976602],[77.567138,12.976341],[77.566914,12.975756],[77.565509,12.975682],[77.56544,12.975679],[77.565402,12.975603],[77.565369,12.975457]]]]}","[{""gateName"": ""Krantivira Sangolli Rayanna Railway Station"", ""stop_code"": ""11_1"", ""lat"": 12.975877, ""lon"": 77.56538}, {""gateName"": ""Krantivira Sangolli Rayanna Railway Station"", ""stop_code"": ""11_2"", ""lat"": 12.975877, ""lon"": 77.56538}, {""gateName"": ""A-Railway Station Side"", ""stop_code"": ""11_G_A"", ""lat"": 12.97607903, ""lon"": 77.56681858}, {""gateName"": ""C-Magadi Road/Leprosy Hospital"", ""stop_code"": ""11_G_C"", ""lat"": 12.97558895, ""lon"": 77.5653635}, {""gateName"": ""D-Magadi Road/Leprosy Hospital"", ""stop_code"": ""11_G_D"", ""lat"": 12.975389, ""lon"": 77.56519317}, {""gateName"": ""E-Minerva Mill Road Side"", ""stop_code"": ""11_G_E"", ""lat"": 12.97602675, ""lon"": 77.56472379}]",12.975877,77.56538,Krantivira Sangolli Rayanna Railway Station,63
please-ues-me,60,"{""type"":""MultiPolygon"",""coordinates"":[[[[77.573115,12.916517],[77.573679,12.916554],[77.573676,12.916201],[77.573881,12.916169],[77.573897,12.916288],[77.574138,12.916264],[77.574095,12.915799],[77.573899,12.915823],[77.5739,12.915742],[77.574093,12.915721],[77.574023,12.915206],[77.573949,12.915204],[77.573862,12.91517],[77.573839,12.91491],[77.573829,12.914773],[77.57382,12.914682],[77.57367,12.914715],[77.573643,12.914896],[77.573541,12.914896],[77.573544,12.914767],[77.57351,12.914554],[77.57332,12.914594],[77.573393,12.915024],[77.573418,12.915158],[77.573477,12.915163],[77.573476,12.915254],[77.57348,12.915327],[77.57354,12.915847],[77.573504,12.915886],[77.573512,12.915974],[77.573528,12.916162],[77.573501,12.916301],[77.573131,12.916279],[77.573115,12.916517]]]]}","[{""gateName"": ""Banashankari"", ""stop_code"": ""60_1"", ""lat"": 12.915221, ""lon"": 77.5736}, {""gateName"": ""Banashankari"", ""stop_code"": ""60_2"", ""lat"": 12.915221, ""lon"": 77.5736}, {""gateName"": ""A-Shakambari Side"", ""stop_code"": ""60_G_A"", ""lat"": 12.91622198, ""lon"": 77.57400256}, {""gateName"": ""B-Banashankari Nagar Side"", ""stop_code"": ""60_G_B"", ""lat"": 12.91542755, ""lon"": 77.57377859}, {""gateName"": ""D-Banashankari Temple Side"", ""stop_code"": ""60_G_D"", ""lat"": 12.91645564, ""lon"": 77.57359117}]",12.915221,77.5736,Banashankari,35
please-ues-me,1,"{""type"":""MultiPolygon"",""coordinates"":[[[[77.651088,12.990453],[77.651149,12.990667],[77.651196,12.990767],[77.65178,12.990764],[77.651844,12.990778],[77.65192,12.990797],[77.652048,12.990833],[77.652116,12.990847],[77.652199,12.990867],[77.652498,12.990932],[77.65237,12.991396],[77.652248,12.9916],[77.652122,12.991888],[77.652332,12.991958],[77.652546,12.992024],[77.652648,12.991753],[77.652562,12.991734],[77.652482,12.991718],[77.652384,12.99172],[77.652466,12.991549],[77.652542,12.991335],[77.652667,12.991085],[77.653069,12.991216],[77.653182,12.991167],[77.653421,12.991238],[77.653455,12.99107],[77.65321,12.991003],[77.653259,12.990799],[77.652935,12.990691],[77.653105,12.990603],[77.653188,12.99039],[77.653291,12.990338],[77.653379,12.990298],[77.653622,12.990377],[77.65382,12.989966],[77.653866,12.98986],[77.653931,12.989725],[77.654005,12.989568],[77.653874,12.989494],[77.65377,12.989429],[77.65367,12.989354],[77.653483,12.989514],[77.653389,12.989726],[77.653456,12.989757],[77.653266,12.990159],[77.653091,12.990291],[77.653001,12.990304],[77.652965,12.990399],[77.65294,12.990459],[77.652977,12.99052],[77.65287,12.990589],[77.652441,12.990477],[77.652415,12.990537],[77.651896,12.990416],[77.65183,12.990428],[77.651794,12.990568],[77.651509,12.990504],[77.651088,12.990453]]]]}","[{""gateName"": ""Baiyappanahalli"", ""stop_code"": ""1_1"", ""lat"": 12.990759, ""lon"": 77.65236}, {""gateName"": ""Baiyappanahalli"", ""stop_code"": ""1_2"", ""lat"": 12.990759, ""lon"": 77.65236}, {""gateName"": ""A-Baiyappanahalli"", ""stop_code"": ""1_G_A"", ""lat"": 12.99074808, ""lon"": 77.65235423}]",12.990759,77.65236,Baiyappanahalli,79
please-ues-me,7,"{""type"":""MultiPolygon"",""coordinates"":[[[[77.596940846,12.980757429],[77.59686954,12.980784826],[77.596888113,12.980938917],[77.596686741,12.981032961],[77.596723991,12.981139326],[77.596956376,12.981062718],[77.597232959,12.981104175],[77.597134895,12.98148452],[77.597269963,12.981514443],[77.597425049,12.981221118],[77.59754653,12.981180093],[77.597683751,12.981120359],[77.598110081,12.980971922],[77.59825102,12.980932368],[77.598458131,12.980843423],[77.59837893,12.980668326],[77.598375247,12.980668312],[77.598370987,12.980670332],[77.598396684,12.98068567],[77.598403014,12.980668605],[77.598385806,12.980676451],[77.598398854,12.980662039],[77.598391966,12.980652848],[77.598383523,12.980642404],[77.598356259,12.980596535],[77.598347318,12.980562638],[77.598348597,12.980560044],[77.598347372,12.980565239],[77.598353977,12.980562669],[77.59831281,12.980544812],[77.598335374,12.980388654],[77.598134023,12.980269932],[77.597830688,12.980150062],[77.59756247,12.980474713],[77.597040742,12.980603964],[77.596940846,12.980757429]]]]}","[{""gateName"": ""Cubbon Park"", ""stop_code"": ""7_1"", ""lat"": 12.980958, ""lon"": 77.59757}, {""gateName"": ""Cubbon Park"", ""stop_code"": ""7_2"", ""lat"": 12.980958, ""lon"": 77.59757}, {""gateName"": ""A-Income Tax Office/HAL"", ""stop_code"": ""7_G_A"", ""lat"": 12.98092743, ""lon"": 77.59795903}, {""gateName"": ""B-Chinnaswamy Stadium"", ""stop_code"": ""7_G_B"", ""lat"": 12.98056804, ""lon"": 77.59767607}, {""gateName"": ""C-Cubbon Park/BSNL Office"", ""stop_code"": ""7_G_C"", ""lat"": 12.9810568, ""lon"": 77.59695724}, {""gateName"": ""D-Cubbon Park/BSNL Office"", ""stop_code"": ""7_G_D"", ""lat"": 12.98117572, ""lon"": 77.59655759}]",12.980958,77.59757,Cubbon Park,60
please-ues-me,53,"{""type"":""MultiPolygon"",""coordinates"":[[[[77.574578,12.967983],[77.575092,12.967613],[77.575512,12.967305],[77.57506,12.966699],[77.574922,12.966471],[77.574859,12.96637],[77.575059,12.966264],[77.574925,12.965994],[77.575107,12.965912],[77.575016,12.965741],[77.574849,12.965826],[77.574174,12.965958],[77.574137,12.96618],[77.573793,12.966492],[77.574194,12.967237],[77.574053,12.967342],[77.574114,12.967505],[77.574204,12.967649],[77.574348,12.967611],[77.574434,12.967747],[77.574578,12.967983]]]]}","[{""gateName"": ""Chickpete"", ""stop_code"": ""53_1"", ""lat"": 12.966897, ""lon"": 77.574554}, {""gateName"": ""Chickpete"", ""stop_code"": ""53_2"", ""lat"": 12.966897, ""lon"": 77.574554}, {""gateName"": ""A-Chickpete (BVK Iyengar Road) Side"", ""stop_code"": ""53_G_A"", ""lat"": 12.96764834, ""lon"": 77.57473379}, {""gateName"": ""B-KR Market Side"", ""stop_code"": ""53_G_B"", ""lat"": 12.96581606, ""lon"": 77.57501542}, {""gateName"": ""D-Arcot Srinivasachar Side"", ""stop_code"": ""53_G_D"", ""lat"": 12.96747322, ""lon"": 77.57413029}]",12.966897,77.574554,Chickpete,46
please-ues-me,16,"{""type"":""MultiPolygon"",""coordinates"":[[[[77.536721,12.952678],[77.537173,12.95283],[77.537281,12.95255],[77.537199,12.952523],[77.53728,12.952268],[77.537325,12.952274],[77.537353,12.952198],[77.537309,12.952161],[77.537283,12.952146],[77.537305,12.952082],[77.537484,12.951561],[77.537428,12.951514],[77.537347,12.951467],[77.537177,12.951452],[77.536977,12.952049],[77.536835,12.952038],[77.536781,12.952098],[77.536774,12.952418],[77.5368,12.952443],[77.536721,12.952678]]]]}","[{""gateName"": ""Deepanjali Nagar"", ""stop_code"": ""16_1"", ""lat"": 12.952058, ""lon"": 77.53701}, {""gateName"": ""Deepanjali Nagar"", ""stop_code"": ""16_2"", ""lat"": 12.952058, ""lon"": 77.53701}, {""gateName"": ""A-Bapuji Nagar Side"", ""stop_code"": ""16_G_A"", ""lat"": 12.95254794, ""lon"": 77.53707289}, {""gateName"": ""B-Shaneshwara Temple Side"", ""stop_code"": ""16_G_B"", ""lat"": 12.95217022, ""lon"": 77.53680333}, {""gateName"": ""C-Shaneshwara Temple Side"", ""stop_code"": ""16_G_C"", ""lat"": 12.95245645, ""lon"": 77.53673896}]",12.952058,77.53701,Deepanjali Nagar,69
please-ues-me,28,"{""type"":""MultiPolygon"",""coordinates"":[[[[77.710739,12.988579],[77.710733,12.988659],[77.710811,12.988774],[77.711043,12.988911],[77.711278,12.989038],[77.711494,12.989163],[77.711697,12.989283],[77.711785,12.989322],[77.711862,12.989352],[77.711924,12.989333],[77.711973,12.989298],[77.712087,12.989092],[77.712078,12.989025],[77.712006,12.988954],[77.711664,12.988759],[77.71146,12.98864],[77.711176,12.988482],[77.711024,12.988421],[77.710909,12.988404],[77.710849,12.988413],[77.710739,12.988579]]]]}","[{""gateName"": ""Hoodi"", ""stop_code"": ""28_1"", ""lat"": 12.988803, ""lon"": 77.71133}, {""gateName"": ""Hoodi"", ""stop_code"": ""28_2"", ""lat"": 12.988803, ""lon"": 77.71133}, {""gateName"": ""A-Seetharampalya Side"", ""stop_code"": ""28_G_A"", ""lat"": 12.98868988, ""lon"": 77.71147147}, {""gateName"": ""B-KEB Colony Side"", ""stop_code"": ""28_G_B"", ""lat"": 12.98853177, ""lon"": 77.71106242}]",12.988803,77.71133,Hoodi,86
please-ues-me,27,"{""type"":""MultiPolygon"",""coordinates"":[[[[77.70315,12.993832],[77.704521,12.993463],[77.704393,12.993032],[77.703035,12.993402],[77.70315,12.993832]]]]}","[{""gateName"": ""Garudacharpalya"", ""stop_code"": ""27_1"", ""lat"": 12.99345, ""lon"": 77.703674}, {""gateName"": ""Garudacharpalya"", ""stop_code"": ""27_2"", ""lat"": 12.99345, ""lon"": 77.703674}, {""gateName"": ""A-Kaveri Nagara Side"", ""stop_code"": ""27_G_A"", ""lat"": 12.99360598, ""lon"": 77.70382583}, {""gateName"": ""B-Garudacharpalya Side"", ""stop_code"": ""27_G_B"", ""lat"": 12.99323094, ""lon"": 77.70372055}]",12.99345,77.703674,Garudacharpalya,85
please-ues-me,4,"{""type"":""MultiPolygon"",""coordinates"":[[[[77.626213,12.975967],[77.62701,12.977068],[77.627299,12.976916],[77.626486,12.975749],[77.626213,12.975967]]]]}","[{""gateName"": ""Halasuru"", ""stop_code"": ""4_1"", ""lat"": 12.976499, ""lon"": 77.626686}, {""gateName"": ""Halasuru"", ""stop_code"": ""4_2"", ""lat"": 12.976499, ""lon"": 77.626686}, {""gateName"": ""A-Halasuru"", ""stop_code"": ""4_G_A"", ""lat"": 12.97623193, ""lon"": 77.6263006}, {""gateName"": ""B-Halasuru"", ""stop_code"": ""4_G_B"", ""lat"": 12.97660046, ""lon"": 77.62653664}, {""gateName"": ""C-Halasuru"", ""stop_code"": ""4_G_C"", ""lat"": 12.97637176, ""lon"": 77.62686655}]",12.976499,77.626686,Halasuru,31
please-ues-me,13,"{""type"":""MultiPolygon"",""coordinates"":[[[[77.544446,12.974032],[77.544444,12.97423],[77.544414,12.974509],[77.545182,12.974514],[77.545323,12.974524],[77.545502,12.97453],[77.545595,12.974527],[77.545723,12.974529],[77.545867,12.974528],[77.545975,12.974526],[77.546197,12.974536],[77.546509,12.974525],[77.546508,12.974274],[77.546525,12.973925],[77.546117,12.973925],[77.545959,12.973934],[77.545934,12.973914],[77.545881,12.97392],[77.545745,12.973932],[77.545309,12.973811],[77.545096,12.973859],[77.544885,12.973887],[77.544742,12.973732],[77.544574,12.973788],[77.544446,12.974032]]]]}","[{""gateName"": ""Sri Balagangadharanatha Swamiji Station, Hosahalli"", ""stop_code"": ""13_1"", ""lat"": 12.974293, ""lon"": 77.54562}, {""gateName"": ""Sri Balagangadharanatha Swamiji Station, Hosahalli"", ""stop_code"": ""13_2"", ""lat"": 12.974293, ""lon"": 77.54562}, {""gateName"": ""A-Telephone Exchange Side"", ""stop_code"": ""13_G_A"", ""lat"": 12.9743579, ""lon"": 77.54603415}, {""gateName"": ""B-Adichunchangiri Mutt Side"", ""stop_code"": ""13_G_B"", ""lat"": 12.97405208, ""lon"": 77.54581421}, {""gateName"": ""C-Adichunchangiri Mutt Side"", ""stop_code"": ""13_G_C"", ""lat"": 12.97407822, ""lon"": 77.54491031}]",12.974293,77.54562,"Sri Balagangadharanatha Swamiji Station, Hosahalli",65
please-ues-me,3,"{""type"":""MultiPolygon"",""coordinates"":[[[[77.638009,12.978396],[77.639471,12.978447],[77.639481,12.978337],[77.639478,12.978179],[77.638001,12.97817],[77.638009,12.978396]]]]}","[{""gateName"": ""Indiranagar"", ""stop_code"": ""3_1"", ""lat"": 12.978333, ""lon"": 77.638664}, {""gateName"": ""Indiranagar"", ""stop_code"": ""3_2"", ""lat"": 12.978333, ""lon"": 77.638664}, {""gateName"": ""A-Indiranagar"", ""stop_code"": ""3_G_A"", ""lat"": 12.97846337, ""lon"": 77.63841681}, {""gateName"": ""B-Indiranagar"", ""stop_code"": ""3_G_B"", ""lat"": 12.97819351, ""lon"": 77.63904512}, {""gateName"": ""C-Indiranagar"", ""stop_code"": ""3_G_C"", ""lat"": 12.97816672, ""lon"": 77.63894454}]",12.978333,77.638664,Indiranagar,113
please-ues-me,33,"{""type"":""MultiPolygon"",""coordinates"":[[[[77.737308,12.98741],[77.737219,12.987452],[77.737178,12.987499],[77.737165,12.987575],[77.737164,12.987655],[77.737162,12.987721],[77.737174,12.987773],[77.737199,12.987823],[77.737281,12.987864],[77.737362,12.987896],[77.737462,12.987892],[77.737516,12.987888],[77.737579,12.98789],[77.737747,12.987891],[77.737892,12.987886],[77.738114,12.987889],[77.73829,12.987884],[77.738441,12.987869],[77.738603,12.987808],[77.738702,12.987706],[77.738745,12.987552],[77.738749,12.987521],[77.738742,12.987502],[77.738725,12.987479],[77.738694,12.987429],[77.738606,12.987389],[77.737972,12.987397],[77.737629,12.987395],[77.737308,12.98741]]]]}","[{""gateName"": ""Pattandur Agrahara"", ""stop_code"": ""33_1"", ""lat"": 12.987639, ""lon"": 77.73777}, {""gateName"": ""Pattandur Agrahara"", ""stop_code"": ""33_2"", ""lat"": 12.987639, ""lon"": 77.73777}, {""gateName"": ""A-Thigalarapalya"", ""stop_code"": ""33_G_A"", ""lat"": 12.9878091, ""lon"": 77.73787111}, {""gateName"": ""B-Pattandur Agrahara Side"", ""stop_code"": ""33_G_B"", ""lat"": 12.98741772, ""lon"": 77.73787111}]",12.987639,77.73777,Pattandur Agrahara,94
please-ues-me,41,"{""type"":""MultiPolygon"",""coordinates"":[[[[77.519171,13.039598],[77.519287,13.039814],[77.519383,13.039991],[77.51951,13.04018],[77.519758,13.040044],[77.520561,13.039603],[77.52061,13.039568],[77.520442,13.039225],[77.520471,13.039188],[77.520347,13.038966],[77.519171,13.039598]]]]}","[{""gateName"": ""Jalahalli"", ""stop_code"": ""41_1"", ""lat"": 13.03941, ""lon"": 77.51974}, {""gateName"": ""Jalahalli"", ""stop_code"": ""41_2"", ""lat"": 13.03941, ""lon"": 77.51974}, {""gateName"": ""A-Jalahalli Cross Side"", ""stop_code"": ""41_G_A"", ""lat"": 13.03965605, ""lon"": 77.51933813}, {""gateName"": ""B-Peenya Industrial Area Side"", ""stop_code"": ""41_G_B"", ""lat"": 13.03919746, ""lon"": 77.5201562}]",13.03941,77.51974,Jalahalli,57
please-ues-me,61,"{""type"":""MultiPolygon"",""coordinates"":[[[[77.572915,12.906619],[77.572878,12.907103],[77.572882,12.907181],[77.572911,12.907272],[77.572905,12.907367],[77.572878,12.907569],[77.572891,12.907603],[77.572906,12.907645],[77.572903,12.907684],[77.572814,12.908028],[77.572799,12.908078],[77.572787,12.908243],[77.572927,12.908261],[77.572992,12.908266],[77.5732,12.908274],[77.573332,12.908288],[77.573349,12.908212],[77.573384,12.908045],[77.573394,12.908001],[77.573414,12.907928],[77.57343,12.907884],[77.573453,12.907823],[77.573405,12.907776],[77.573469,12.907657],[77.573517,12.9076],[77.573577,12.907186],[77.573585,12.907065],[77.573623,12.90679],[77.573362,12.906697],[77.573207,12.906656],[77.573164,12.906623],[77.573099,12.906623],[77.573032,12.906623],[77.572915,12.906619]]]]}","[{""gateName"": ""Jaya Prakash Nagar"", ""stop_code"": ""61_1"", ""lat"": 12.907475, ""lon"": 77.57313}, {""gateName"": ""Jaya Prakash Nagar"", ""stop_code"": ""61_2"", ""lat"": 12.907475, ""lon"": 77.57313}, {""gateName"": ""A-JP Nagar 6th Phase Side"", ""stop_code"": ""61_G_A"", ""lat"": 12.90823079, ""lon"": 77.57329747}, {""gateName"": ""B-JP Nagar 6th Phase Side"", ""stop_code"": ""61_G_B"", ""lat"": 12.90793471, ""lon"": 77.57339939}, {""gateName"": ""C-JP Nagar 6th Phase Side"", ""stop_code"": ""61_G_C"", ""lat"": 12.90727325, ""lon"": 77.57341146}, {""gateName"": ""D-Outer Ring Road Side"", ""stop_code"": ""61_G_D"", ""lat"": 12.9066471, ""lon"": 77.57300645}, {""gateName"": ""E-Ilyas Nagar Side"", ""stop_code"": ""61_G_E"", ""lat"": 12.90759287, ""lon"": 77.57283948}]",12.907475,77.57313,Jaya Prakash Nagar,36
please-ues-me,24,"{""type"":""MultiPolygon"",""coordinates"":[[[[77.667614543,12.996330312],[77.66868492,12.996859933],[77.668636444,12.996935271],[77.668621448,12.997327723],[77.669347415,12.997463849],[77.669427873,12.997294297],[77.668906117,12.997075874],[77.669242142,12.9963852],[77.669108401,12.996313251],[77.668979849,12.99624858],[77.668965002,12.996130605],[77.668969915,12.996073602],[77.668272979,12.996007455],[77.668218873,12.996049172],[77.667833201,12.995832208],[77.667614543,12.996330312]]]]}","[{""gateName"": ""Benniganahalli"", ""stop_code"": ""24_1"", ""lat"": 12.996516, ""lon"": 77.668465}, {""gateName"": ""Benniganahalli"", ""stop_code"": ""24_2"", ""lat"": 12.996516, ""lon"": 77.668465}, {""gateName"": ""A-Benniganahalli"", ""stop_code"": ""24_G_A"", ""lat"": 12.99652921, ""lon"": 77.66844748}]",12.996516,77.668465,Benniganahalli,26
please-ues-me,58,"{""type"":""MultiPolygon"",""coordinates"":[[[[77.579934,12.930348],[77.580177,12.93038],[77.58047,12.930358],[77.580593,12.929574],[77.580636,12.928756],[77.579929,12.928737],[77.57992,12.928951],[77.579911,12.929594],[77.579934,12.930348]]]]}","[{""gateName"": ""Jayanagar"", ""stop_code"": ""58_1"", ""lat"": 12.929507, ""lon"": 77.58015}, {""gateName"": ""Jayanagar"", ""stop_code"": ""58_2"", ""lat"": 12.929507, ""lon"": 77.58015}, {""gateName"": ""A-Jayanagar 4th Block Side"", ""stop_code"": ""58_G_A"", ""lat"": 12.92920971, ""lon"": 77.58036979}, {""gateName"": ""B-Jayanagar 4th Block Side"", ""stop_code"": ""58_G_B"", ""lat"": 12.92895842, ""lon"": 77.58032083}, {""gateName"": ""C-Jayanagar 7th Block Side"", ""stop_code"": ""58_G_C"", ""lat"": 12.92998384, ""lon"": 77.58001707}]",12.929507,77.58015,Jayanagar,30
please-ues-me,34,"{""type"":""MultiPolygon"",""coordinates"":[[[[77.746307,12.985786],[77.74635,12.985916],[77.746422,12.986049],[77.746531,12.986009],[77.746538,12.986024],[77.746552,12.986042],[77.746625,12.986057],[77.747512,12.985719],[77.747482,12.985645],[77.747637,12.985586],[77.747625,12.985544],[77.747671,12.985524],[77.74761,12.985373],[77.747562,12.985381],[77.747549,12.985333],[77.747463,12.985342],[77.747382,12.985325],[77.746508,12.985661],[77.746516,12.985707],[77.746307,12.985786]]]]}","[{""gateName"": ""Kadugodi Tree Park"", ""stop_code"": ""34_1"", ""lat"": 12.98565, ""lon"": 77.74701}, {""gateName"": ""Kadugodi Tree Park"", ""stop_code"": ""34_2"", ""lat"": 12.98565, ""lon"": 77.74701}, {""gateName"": ""A-Kadugodi Tree Park Side"", ""stop_code"": ""34_G_A"", ""lat"": 12.98586132, ""lon"": 77.74704426}, {""gateName"": ""B-Pattandur Agrahara Side"", ""stop_code"": ""34_G_B"", ""lat"": 12.98549835, ""lon"": 77.74689909}]",12.98565,77.74701,Kadugodi Tree Park,91
please-ues-me,30,"{""type"":""MultiPolygon"",""coordinates"":[[[[77.714937,12.977825],[77.71509,12.97787],[77.71521,12.977862],[77.715337,12.977843],[77.71579,12.977773],[77.71634,12.977704],[77.716408,12.977596],[77.716431,12.97753],[77.716416,12.977402],[77.71638,12.97737],[77.716326,12.977336],[77.716241,12.977299],[77.715955,12.977329],[77.715655,12.977372],[77.715349,12.97742],[77.715073,12.977467],[77.714997,12.977495],[77.714934,12.977527],[77.714896,12.977577],[77.714937,12.977825]]]]}","[{""gateName"": ""Kundalahalli"", ""stop_code"": ""30_1"", ""lat"": 12.977594, ""lon"": 77.71556}, {""gateName"": ""Kundalahalli"", ""stop_code"": ""30_2"", ""lat"": 12.977594, ""lon"": 77.71556}, {""gateName"": ""A-KTPO Side"", ""stop_code"": ""30_G_A"", ""lat"": 12.97776486, ""lon"": 77.71568723}, {""gateName"": ""B-Kundalahalli Side"", ""stop_code"": ""30_G_B"", ""lat"": 12.97738065, ""lon"": 77.71563023}]",12.977594,77.71556,Kundalahalli,88
please-ues-me,23,"{""type"":""MultiPolygon"",""coordinates"":[[[[77.475859,12.90773],[77.475956,12.907792],[77.475953,12.907858],[77.476713,12.908367],[77.476776,12.908374],[77.476912,12.908466],[77.477013,12.908464],[77.476989,12.908417],[77.477069,12.908298],[77.477101,12.908237],[77.477152,12.90822],[77.477139,12.908149],[77.477083,12.908103],[77.476981,12.908038],[77.476239,12.907541],[77.476158,12.907504],[77.476131,12.907482],[77.476052,12.907504],[77.47601,12.907506],[77.475956,12.90757],[77.475859,12.90773]]]]}","[{""gateName"": ""Kengeri"", ""stop_code"": ""23_1"", ""lat"": 12.90791, ""lon"": 77.47658}, {""gateName"": ""Kengeri"", ""stop_code"": ""23_2"", ""lat"": 12.90791, ""lon"": 77.47658}, {""gateName"": ""A-Kengeri Satellite Town Side"", ""stop_code"": ""23_G_A"", ""lat"": 12.9077432, ""lon"": 77.47657299}, {""gateName"": ""B-Kengeri Side"", ""stop_code"": ""23_G_B"", ""lat"": 12.90808177, ""lon"": 77.47634634}]",12.90791,77.47658,Kengeri,76
please-ues-me,10,"{""type"":""MultiPolygon"",""coordinates"":[[[[77.571018617,12.974445375],[77.571178531,12.976347767],[77.573131363,12.976339702],[77.573170749,12.977407819],[77.574230794,12.97744591],[77.57422347,12.97714812],[77.573464992,12.977135779],[77.573420701,12.976342014],[77.573699935,12.976147701],[77.573695586,12.975315584],[77.573668777,12.974244567],[77.573487656,12.974281771],[77.57319291,12.974352498],[77.573166951,12.973722675],[77.572541624,12.97377084],[77.572494834,12.974365911],[77.571018617,12.974445375]]]]}","[{""gateName"": ""Nadaprabhu Kempegowda Station, Majestic"", ""stop_code"": ""10_1"", ""lat"": 12.975708, ""lon"": 77.572876}, {""gateName"": ""Nadaprabhu Kempegowda Station, Majestic"", ""stop_code"": ""10_2"", ""lat"": 12.975708, ""lon"": 77.572876}, {""gateName"": ""Nadaprabhu Kempegowda Station, Majestic"", ""stop_code"": ""10_3"", ""lat"": 12.975708, ""lon"": 77.572876}, {""gateName"": ""Nadaprabhu Kempegowda Station, Majestic"", ""stop_code"": ""10_4"", ""lat"": 12.975708, ""lon"": 77.572876}, {""gateName"": ""A-Railway Station Side"", ""stop_code"": ""10_G_A"", ""lat"": 12.9756909, ""lon"": 77.571204}, {""gateName"": ""A'-Nadaprabhu Kempegowda Station, Majestic"", ""stop_code"": ""10_G_A'"", ""lat"": 12.97608556, ""lon"": 77.5715205}, {""gateName"": ""B-Chikka Lalbagh"", ""stop_code"": ""10_G_B"", ""lat"": 12.97417754, ""lon"": 77.57303595}, {""gateName"": ""C-Tank Bund Road"", ""stop_code"": ""10_G_C"", ""lat"": 12.97462972, ""lon"": 77.57291525}, {""gateName"": ""D-BMTC Bus Stand"", ""stop_code"": ""10_G_D"", ""lat"": 12.97614045, ""lon"": 77.57317006}]",12.975708,77.572876,"Nadaprabhu Kempegowda Station, Majestic",342
please-ues-me,64,"{""type"":""MultiPolygon"",""coordinates"":[[[[77.552143,12.884628],[77.552194,12.884647],[77.552118,12.884863],[77.553186,12.885178],[77.553463,12.88526],[77.553437,12.885091],[77.553428,12.88505],[77.553416,12.885005],[77.553494,12.884797],[77.553419,12.88477],[77.553444,12.884651],[77.552287,12.884304],[77.552212,12.884387],[77.552382,12.884439],[77.552363,12.884465],[77.552189,12.884419],[77.552143,12.884628]]]]}","[{""gateName"": ""Doddakallasandra"", ""stop_code"": ""64_1"", ""lat"": 12.884643, ""lon"": 77.55276}, {""gateName"": ""Doddakallasandra"", ""stop_code"": ""64_2"", ""lat"": 12.884643, ""lon"": 77.55276}, {""gateName"": ""A-Doddakallasandra Side"", ""stop_code"": ""64_G_A"", ""lat"": 12.88447367, ""lon"": 77.55281612}, {""gateName"": ""B-Gubbala Gate Side"", ""stop_code"": ""64_G_B"", ""lat"": 12.88482534, ""lon"": 77.55270079}]",12.884643,77.55276,Doddakallasandra,39
please-ues-me,25,"{""type"":""MultiPolygon"",""coordinates"":[[[[77.676702,13.000062],[77.676891,13.000152],[77.677098,13.000223],[77.67759,13.000268],[77.678192,13.00023],[77.678484,13.000226],[77.678992,13.000226],[77.678996,12.999886],[77.678419,12.999805],[77.678299,12.99971],[77.67736,12.999656],[77.677189,12.999642],[77.677072,12.999632],[77.676837,12.999635],[77.676716,12.99963],[77.676702,13.000062]]]]}","[{""gateName"": ""Krishnarajapura"", ""stop_code"": ""25_1"", ""lat"": 12.999902, ""lon"": 77.67767}, {""gateName"": ""Krishnarajapura"", ""stop_code"": ""25_2"", ""lat"": 12.999902, ""lon"": 77.67767}, {""gateName"": ""A-Krishnarajapura"", ""stop_code"": ""25_G_A"", ""lat"": 12.99986402, ""lon"": 77.67766355}, {""gateName"": ""B-KR Market Side"", ""stop_code"": ""25_G_B"", ""lat"": 12.96049295, ""lon"": 77.57498726}, {""gateName"": ""C-Vanivilas Hospital Side"", ""stop_code"": ""25_G_C"", ""lat"": 12.96002506, ""lon"": 77.57428184}, {""gateName"": ""D-BMC Side"", ""stop_code"": ""25_G_D"", ""lat"": 12.96080662, ""lon"": 77.57464796}, {""gateName"": ""E-Krishnarajapura"", ""stop_code"": ""25_G_E"", ""lat"": 12.9616143, ""lon"": 77.5752233}]",12.999902,77.67767,Krishnarajapura,82
please-ues-me,54,"{""type"":""MultiPolygon"",""coordinates"":[[[[77.574093,12.959996],[77.574415,12.960808],[77.574536,12.961126],[77.574622,12.961354],[77.574689,12.961512],[77.574726,12.96158],[77.574766,12.961659],[77.574924,12.962036],[77.575123,12.961961],[77.575201,12.96193],[77.575424,12.961819],[77.575352,12.961677],[77.575463,12.961702],[77.575631,12.96194],[77.575726,12.961904],[77.575744,12.961838],[77.575502,12.961459],[77.575334,12.961535],[77.575213,12.961314],[77.574947,12.960734],[77.575153,12.960674],[77.575036,12.960368],[77.574944,12.960406],[77.574779,12.960031],[77.574746,12.959788],[77.574093,12.959996]]]]}","[{""gateName"": ""Krishna Rajendra Market"", ""stop_code"": ""54_1"", ""lat"": 12.960879, ""lon"": 77.57466}, {""gateName"": ""Krishna Rajendra Market"", ""stop_code"": ""54_2"", ""lat"": 12.960879, ""lon"": 77.57466}]",12.960879,77.57466,Krishna Rajendra Market,45
please-ues-me,49,"{""type"":""MultiPolygon"",""coordinates"":[[[[77.556282,12.998459],[77.556331,12.998692],[77.55654,12.99865],[77.556568,12.998788],[77.557052,12.998719],[77.55733,12.998681],[77.557531,12.998651],[77.557569,12.998487],[77.55771,12.998458],[77.557626,12.998166],[77.557376,12.998167],[77.557282,12.99809],[77.557101,12.998095],[77.556946,12.998201],[77.556838,12.9982],[77.55677,12.998232],[77.556641,12.998292],[77.556538,12.998316],[77.556449,12.998361],[77.556282,12.998459]]]]}","[{""gateName"": ""Mahakavi Kuvempu Road"", ""stop_code"": ""49_1"", ""lat"": 12.99853, ""lon"": 77.5569}, {""gateName"": ""Mahakavi Kuvempu Road"", ""stop_code"": ""49_2"", ""lat"": 12.99853, ""lon"": 77.5569}, {""gateName"": ""A-Gayahtri Nagar"", ""stop_code"": ""49_G_A"", ""lat"": 12.99856904, ""lon"": 77.5572203}, {""gateName"": ""B-Prakash Nagar"", ""stop_code"": ""49_G_B"", ""lat"": 12.99827893, ""lon"": 77.55724847}]",12.99853,77.5569,Mahakavi Kuvempu Road,49
please-ues-me,56,"{""type"":""MultiPolygon"",""coordinates"":[[[[77.579903,12.947],[77.580242,12.947021],[77.580281,12.945635],[77.579882,12.945611],[77.579903,12.947]]]]}","[{""gateName"": ""Lalbagh"", ""stop_code"": ""56_1"", ""lat"": 12.946526, ""lon"": 77.58002}, {""gateName"": ""Lalbagh"", ""stop_code"": ""56_2"", ""lat"": 12.946526, ""lon"": 77.58002}, {""gateName"": ""A-Lalbagh"", ""stop_code"": ""56_G_A"", ""lat"": 12.94683113, ""lon"": 77.58016325}, {""gateName"": ""C-Lalbagh"", ""stop_code"": ""56_G_C"", ""lat"": 12.94605869, ""lon"": 77.57982999}]",12.946526,77.58002,Lalbagh,29
please-ues-me,6,"{""type"":""MultiPolygon"",""coordinates"":[[[[77.606573,12.975452],[77.606128,12.975603],[77.60622,12.975896],[77.607608,12.975573],[77.60751,12.975214],[77.606888,12.975377],[77.606748,12.974755],[77.606724,12.974657],[77.606515,12.97471],[77.606459,12.974722],[77.606573,12.975452]]]]}","[{""gateName"": ""Mahatma Gandhi Road"", ""stop_code"": ""6_1"", ""lat"": 12.975526, ""lon"": 77.60679}, {""gateName"": ""Mahatma Gandhi Road"", ""stop_code"": ""6_2"", ""lat"": 12.975526, ""lon"": 77.60679}, {""gateName"": ""A-Kamaraj Road Side"", ""stop_code"": ""6_G_A"", ""lat"": 12.97558896, ""lon"": 77.60622158}, {""gateName"": ""B-Kamaraj Road Side"", ""stop_code"": ""6_G_B"", ""lat"": 12.97532105, ""lon"": 77.60729447}, {""gateName"": ""C-MG Road Side"", ""stop_code"": ""6_G_C"", ""lat"": 12.97525962, ""lon"": 77.60669097}, {""gateName"": ""D-Church Street Side"", ""stop_code"": ""6_G_D"", ""lat"": 12.9748166, ""lon"": 77.60659575}]",12.975526,77.60679,Mahatma Gandhi Road,7
please-ues-me,26,"{""type"":""MultiPolygon"",""coordinates"":[[[[77.692047,12.997079],[77.692301,12.996975],[77.692604,12.996877],[77.692697,12.996775],[77.693127,12.996651],[77.693228,12.99663],[77.693408,12.996578],[77.693492,12.996488],[77.693344,12.996099],[77.692596,12.996337],[77.692217,12.996463],[77.691839,12.996619],[77.692047,12.997079]]]]}","[{""gateName"": ""Singayyanapalya"", ""stop_code"": ""26_1"", ""lat"": 12.996545, ""lon"": 77.69272}, {""gateName"": ""Singayyanapalya"", ""stop_code"": ""26_2"", ""lat"": 12.996545, ""lon"": 77.69272}, {""gateName"": ""A-Mahadevapura Police Station Side"", ""stop_code"": ""26_G_A"", ""lat"": 12.99675397, ""lon"": 77.69255786}, {""gateName"": ""B-Maheswari Nagar Side"", ""stop_code"": ""26_G_B"", ""lat"": 12.99636586, ""lon"": 77.69262895}]",12.996545,77.69272,Singayyanapalya,84
please-ues-me,47,"{""type"":""MultiPolygon"",""coordinates"":[[[[77.548581,13.007673],[77.548538,13.00778],[77.548449,13.007837],[77.548547,13.00828],[77.548627,13.0083],[77.548647,13.0088],[77.548697,13.008844],[77.548786,13.009005],[77.549115,13.008944],[77.549082,13.008515],[77.5491,13.00844],[77.549104,13.008338],[77.549104,13.00827],[77.549084,13.008089],[77.549041,13.007764],[77.548997,13.007726],[77.548921,13.007705],[77.548864,13.007585],[77.548733,13.007575],[77.548581,13.007673]]]]}","[{""gateName"": ""Mahalakshmi"", ""stop_code"": ""47_1"", ""lat"": 13.008047, ""lon"": 77.548805}, {""gateName"": ""Mahalakshmi"", ""stop_code"": ""47_2"", ""lat"": 13.008047, ""lon"": 77.548805}, {""gateName"": ""A-Srinivasa Temple Side"", ""stop_code"": ""47_G_A"", ""lat"": 13.00791075, ""lon"": 77.54859432}, {""gateName"": ""B-Srinivasa Temple Side"", ""stop_code"": ""47_G_B"", ""lat"": 13.00818384, ""lon"": 77.54862919}, {""gateName"": ""C-ISKCON Temple Side"", ""stop_code"": ""47_G_C"", ""lat"": 13.00785847, ""lon"": 77.54894703}]",13.008047,77.548805,Mahalakshmi,51
please-ues-me,12,"{""type"":""MultiPolygon"",""coordinates"":[[[[77.554646,12.97531],[77.554636,12.975546],[77.554633,12.975702],[77.554702,12.975783],[77.554762,12.975873],[77.554803,12.975972],[77.554955,12.976287],[77.555417,12.976249],[77.555495,12.9762],[77.555403,12.975891],[77.555853,12.975889],[77.555988,12.975889],[77.556152,12.97587],[77.556165,12.975727],[77.556179,12.975376],[77.555815,12.975353],[77.555427,12.975329],[77.555062,12.975321],[77.554927,12.975321],[77.554646,12.97531]]]]}","[{""gateName"": ""Magadi Road"", ""stop_code"": ""12_1"", ""lat"": 12.975632, ""lon"": 77.55535}, {""gateName"": ""Magadi Road"", ""stop_code"": ""12_2"", ""lat"": 12.975632, ""lon"": 77.55535}, {""gateName"": ""A-Rajajinagar Side"", ""stop_code"": ""12_G_A"", ""lat"": 12.97572094, ""lon"": 77.5558497}, {""gateName"": ""B-Sheshadripuram College Side"", ""stop_code"": ""12_G_B"", ""lat"": 12.97545697, ""lon"": 77.55593016}, {""gateName"": ""C-Karumaramma Temple Side"", ""stop_code"": ""12_G_C"", ""lat"": 12.9758085, ""lon"": 77.55479962}]",12.975632,77.55535,Magadi Road,64
please-ues-me,22,"{""type"":""MultiPolygon"",""coordinates"":[[[[77.487112,12.914506],[77.487181,12.914591],[77.487295,12.914693],[77.487606,12.914947],[77.48789,12.915163],[77.488164,12.915363],[77.488306,12.915227],[77.488408,12.915057],[77.488358,12.914993],[77.487828,12.9146],[77.487371,12.914252],[77.487291,12.914329],[77.487236,12.914418],[77.48719,12.91439],[77.487112,12.914506]]]]}","[{""gateName"": ""Kengeri Bus Terminal"", ""stop_code"": ""22_1"", ""lat"": 12.914689, ""lon"": 77.487854}, {""gateName"": ""Kengeri Bus Terminal"", ""stop_code"": ""22_2"", ""lat"": 12.914689, ""lon"": 77.487854}, {""gateName"": ""A-Kengeri Bus Terminal Side"", ""stop_code"": ""22_G_A"", ""lat"": 12.91448704, ""lon"": 77.48725891}, {""gateName"": ""B-Mysore Road Side"", ""stop_code"": ""22_G_B"", ""lat"": 12.9151001, ""lon"": 77.48806223}]",12.914689,77.487854,Kengeri Bus Terminal,75
please-ues-me,17,"{""type"":""MultiPolygon"",""coordinates"":[[[[77.529965,12.946318],[77.529862,12.946282],[77.529764,12.946218],[77.529476,12.946132],[77.529147,12.94609],[77.528993,12.946251],[77.52862,12.946776],[77.528754,12.947049],[77.529147,12.947493],[77.529369,12.947184],[77.529632,12.946778],[77.52978,12.946855],[77.529887,12.946926],[77.529961,12.946977],[77.530083,12.947037],[77.53034,12.94709],[77.530463,12.947144],[77.530595,12.947188],[77.530734,12.947131],[77.53079,12.94692],[77.530788,12.946758],[77.530554,12.946659],[77.530561,12.946579],[77.530576,12.946518],[77.530595,12.946391],[77.530768,12.946441],[77.530781,12.946328],[77.530809,12.94623],[77.530516,12.946021],[77.530459,12.946012],[77.530352,12.946249],[77.530308,12.946491],[77.530207,12.94644],[77.530093,12.946388],[77.529965,12.946318]]]]}","[{""gateName"": ""Mysore Road"", ""stop_code"": ""17_1"", ""lat"": 12.946718, ""lon"": 77.53016}, {""gateName"": ""Mysore Road"", ""stop_code"": ""17_2"", ""lat"": 12.946718, ""lon"": 77.53016}, {""gateName"": ""A-Nayandahalli Junction Side"", ""stop_code"": ""17_G_A"", ""lat"": 12.9467501, ""lon"": 77.53002807}, {""gateName"": ""B-BHEL Side"", ""stop_code"": ""17_G_B"", ""lat"": 12.94684159, ""lon"": 77.5302735}, {""gateName"": ""C-Outer Ring Road Side"", ""stop_code"": ""17_G_C"", ""lat"": 12.94623122, ""lon"": 77.53066777}, {""gateName"": ""D-Nayandahalli Junction Side"", ""stop_code"": ""17_G_D"", ""lat"": 12.94647824, ""lon"": 77.52950236}]",12.946718,77.53016,Mysore Road,70
please-ues-me,39,"{""type"":""MultiPolygon"",""coordinates"":[[[[77.499533,13.048868],[77.500336,13.048585],[77.500683,13.048454],[77.500991,13.04831],[77.500899,13.047848],[77.50088,13.04775],[77.500762,13.047203],[77.500557,13.047067],[77.500355,13.047123],[77.49998,13.047237],[77.499244,13.047494],[77.499354,13.048539],[77.499432,13.048706],[77.499533,13.048868]]]]}","[{""gateName"": ""Nagasandra"", ""stop_code"": ""39_1"", ""lat"": 13.047954, ""lon"": 77.500145}, {""gateName"": ""Nagasandra"", ""stop_code"": ""39_2"", ""lat"": 13.047954, ""lon"": 77.500145}, {""gateName"": ""A-Manjunath Nagar Side"", ""stop_code"": ""39_G_A"", ""lat"": 13.04819926, ""lon"": 77.49964803}, {""gateName"": ""B-MS Ramaiah Enclave Side"", ""stop_code"": ""39_G_B"", ""lat"": 13.04787656, ""lon"": 77.50052243}]",13.047954,77.500145,Nagasandra,59
please-ues-me,55,"{""type"":""MultiPolygon"",""coordinates"":[[[[77.573558,12.951431],[77.574035,12.951436],[77.574067,12.951179],[77.574083,12.951089],[77.574075,12.950067],[77.574064,12.949993],[77.574052,12.949828],[77.573935,12.949775],[77.573743,12.949792],[77.573541,12.94981],[77.573434,12.949905],[77.573434,12.950059],[77.573428,12.950162],[77.573409,12.950373],[77.573414,12.950582],[77.573422,12.95101],[77.573429,12.95111],[77.573558,12.951431]]]]}","[{""gateName"": ""National College"", ""stop_code"": ""55_1"", ""lat"": 12.950527, ""lon"": 77.57369}, {""gateName"": ""National College"", ""stop_code"": ""55_2"", ""lat"": 12.950527, ""lon"": 77.57369}, {""gateName"": ""A-National College"", ""stop_code"": ""55_G_A"", ""lat"": 12.95103183, ""lon"": 77.57389896}, {""gateName"": ""C-National College"", ""stop_code"": ""55_G_C"", ""lat"": 12.95022019, ""lon"": 77.57356435}]",12.950527,77.57369,National College,44
please-ues-me,18,"{""type"":""MultiPolygon"",""coordinates"":[[[[77.524885,12.940933],[77.524766,12.940992],[77.524715,12.941019],[77.524624,12.941056],[77.524548,12.941108],[77.524514,12.941159],[77.524513,12.941232],[77.524542,12.941342],[77.524649,12.941492],[77.524748,12.941608],[77.524868,12.941801],[77.525093,12.942132],[77.525169,12.942267],[77.525242,12.942383],[77.525311,12.94251],[77.525524,12.942505],[77.525676,12.942449],[77.525782,12.942349],[77.525829,12.942212],[77.525746,12.941999],[77.525481,12.941559],[77.525389,12.941403],[77.525267,12.941208],[77.525237,12.941151],[77.525136,12.941107],[77.525015,12.94104],[77.524885,12.940933]]]]}","[{""gateName"": ""Pantharapalya - Nayandahalli"", ""stop_code"": ""18_1"", ""lat"": 12.941671, ""lon"": 77.525116}, {""gateName"": ""Pantharapalya - Nayandahalli"", ""stop_code"": ""18_2"", ""lat"": 12.941671, ""lon"": 77.525116}, {""gateName"": ""A-Pantarapalya Side"", ""stop_code"": ""18_G_A"", ""lat"": 12.9415978, ""lon"": 77.52536371}, {""gateName"": ""B-Nayandahalli Railway Station Side"", ""stop_code"": ""18_G_B"", ""lat"": 12.94180954, ""lon"": 77.52491444}]",12.941671,77.525116,Pantharapalya - Nayandahalli,71
please-ues-me,21,"{""type"":""MultiPolygon"",""coordinates"":[[[[77.498009,12.923664],[77.497945,12.923674],[77.497885,12.923734],[77.497765,12.923888],[77.497722,12.92392],[77.497727,12.924002],[77.497825,12.924161],[77.498196,12.924504],[77.498286,12.924615],[77.498339,12.924662],[77.498384,12.924703],[77.4985,12.924813],[77.498596,12.924884],[77.498625,12.924878],[77.498679,12.924912],[77.498701,12.924931],[77.498782,12.924877],[77.498829,12.924841],[77.498892,12.924773],[77.498955,12.924694],[77.498955,12.924629],[77.498963,12.924568],[77.498856,12.924463],[77.498862,12.924415],[77.498172,12.923747],[77.498112,12.923759],[77.498009,12.923664]]]]}","[{""gateName"": ""Pattanagere"", ""stop_code"": ""21_1"", ""lat"": 12.92425, ""lon"": 77.49835}, {""gateName"": ""Pattanagere"", ""stop_code"": ""21_2"", ""lat"": 12.92425, ""lon"": 77.49835}, {""gateName"": ""A-RV College of Engineering Side"", ""stop_code"": ""21_G_A"", ""lat"": 12.92402274, ""lon"": 77.49836862}, {""gateName"": ""B-Dubasipalya Side"", ""stop_code"": ""21_G_B"", ""lat"": 12.9244554, ""lon"": 77.49818757}]",12.92425,77.49835,Pattanagere,74
please-ues-me,43,"{""type"":""MultiPolygon"",""coordinates"":[[[[77.532603,13.032954],[77.532745,13.033233],[77.532729,13.033389],[77.532962,13.033763],[77.533335,13.033552],[77.533711,13.033313],[77.534176,13.033134],[77.53456,13.032822],[77.534106,13.032192],[77.533516,13.032404],[77.533043,13.032672],[77.532603,13.032954]]]]}","[{""gateName"": ""Peenya"", ""stop_code"": ""43_1"", ""lat"": 13.033019, ""lon"": 77.5332}, {""gateName"": ""Peenya"", ""stop_code"": ""43_2"", ""lat"": 13.033019, ""lon"": 77.5332}, {""gateName"": ""A-CMTI Side"", ""stop_code"": ""43_G_A"", ""lat"": 13.03287512, ""lon"": 77.53351359}]",13.033019,77.5332,Peenya,55
please-ues-me,62,"{""type"":""MultiPolygon"",""coordinates"":[[[[77.569676,12.895244],[77.569618,12.895291],[77.569567,12.89536],[77.569523,12.895421],[77.569413,12.895531],[77.56946,12.895595],[77.569554,12.8957],[77.569756,12.895988],[77.569774,12.896031],[77.569778,12.896089],[77.569731,12.896306],[77.569944,12.896493],[77.570283,12.896687],[77.570462,12.896744],[77.570843,12.896538],[77.570918,12.896468],[77.570958,12.896388],[77.570911,12.896295],[77.570465,12.895737],[77.570178,12.895448],[77.570083,12.8953],[77.569905,12.895244],[77.56978,12.895223],[77.569676,12.895244]]]]}","[{""gateName"": ""Yelachenahalli"", ""stop_code"": ""62_1"", ""lat"": 12.89605, ""lon"": 77.57012}, {""gateName"": ""Yelachenahalli"", ""stop_code"": ""62_2"", ""lat"": 12.89605, ""lon"": 77.57012}, {""gateName"": ""A-Jaraganahalli Side"", ""stop_code"": ""62_G_A"", ""lat"": 12.89638127, ""lon"": 77.57082514}, {""gateName"": ""C-Jyothy Kendriya Vidyalaya Side"", ""stop_code"": ""62_G_C"", ""lat"": 12.89568449, ""lon"": 77.57021025}, {""gateName"": ""D-Yelachenahalli Side"", ""stop_code"": ""62_G_D"", ""lat"": 12.89555442, ""lon"": 77.56949007}, {""gateName"": ""E-Yelachenahalli Side"", ""stop_code"": ""62_G_E"", ""lat"": 12.89630087, ""lon"": 77.57007278}]",12.89605,77.57012,Yelachenahalli,37
please-ues-me,42,"{""type"":""MultiPolygon"",""coordinates"":[[[[77.525266,13.036872],[77.526334,13.03628],[77.526269,13.036031],[77.526139,13.035832],[77.525506,13.036164],[77.524882,13.036497],[77.524833,13.03655],[77.524756,13.036674],[77.524824,13.03678],[77.524853,13.036862],[77.524897,13.036913],[77.524943,13.036947],[77.525145,13.03692],[77.525208,13.036906],[77.525266,13.036872]]]]}","[{""gateName"": ""Peenya Industry"", ""stop_code"": ""42_1"", ""lat"": 13.036318, ""lon"": 77.52549}, {""gateName"": ""Peenya Industry"", ""stop_code"": ""42_2"", ""lat"": 13.036318, ""lon"": 77.52549}, {""gateName"": ""A-Police Station Side"", ""stop_code"": ""42_G_A"", ""lat"": 13.03662229, ""lon"": 77.52514511}, {""gateName"": ""B-PF Office Side"", ""stop_code"": ""42_G_B"", ""lat"": 13.03614672, ""lon"": 77.52600877}]",13.036318,77.52549,Peenya Industry,56
please-ues-me,48,"{""type"":""MultiPolygon"",""coordinates"":[[[[77.54954,12.999394],[77.549479,12.999575],[77.549635,12.999724],[77.549621,12.999909],[77.549585,13.000122],[77.549365,13.000152],[77.549503,13.000342],[77.549474,13.00056],[77.549465,13.00063],[77.549461,13.000679],[77.549458,13.00073],[77.549473,13.000798],[77.549491,13.000909],[77.549583,13.000944],[77.549657,13.000964],[77.549739,13.00098],[77.549824,13.000984],[77.549886,13.000948],[77.549898,13.000889],[77.549908,13.000837],[77.549912,13.000789],[77.549921,13.000771],[77.549926,13.000765],[77.549922,13.000745],[77.549921,13.000747],[77.549928,13.000726],[77.549929,13.000722],[77.549928,13.000719],[77.549926,13.00072],[77.549928,13.000721],[77.549936,13.000716],[77.549935,13.00072],[77.549935,13.000716],[77.54994,13.000697],[77.54994,13.000663],[77.549945,13.000633],[77.54996,13.000596],[77.549999,13.000591],[77.550024,13.000564],[77.550038,13.000488],[77.550033,13.000428],[77.549999,13.000373],[77.549974,13.000307],[77.549994,13.000222],[77.550042,13.000223],[77.550092,13.000246],[77.550247,13.000282],[77.550269,13.000155],[77.55026,13.000074],[77.550058,13.000015],[77.55004,12.999965],[77.550055,12.999849],[77.550061,12.99978],[77.550008,12.999652],[77.549828,12.999504],[77.54954,12.999394]]]]}","[{""gateName"": ""Rajajinagar"", ""stop_code"": ""48_1"", ""lat"": 13.000525, ""lon"": 77.54966}, {""gateName"": ""Rajajinagar"", ""stop_code"": ""48_2"", ""lat"": 13.000525, ""lon"": 77.54966}, {""gateName"": ""A-BWSSB Water Tank Side"", ""stop_code"": ""48_G_A"", ""lat"": 12.9994929, ""lon"": 77.54953175}, {""gateName"": ""B-Ananya Hospital Side"", ""stop_code"": ""48_G_B"", ""lat"": 13.00010967, ""lon"": 77.55001723}]",13.000525,77.54966,Rajajinagar,50
please-ues-me,19,"{""type"":""MultiPolygon"",""coordinates"":[[[[77.51926,12.93625],[77.519222,12.936245],[77.519065,12.93592],[77.518593,12.935934],[77.518685,12.936601],[77.518749,12.93666],[77.518818,12.936723],[77.518942,12.936757],[77.519485,12.936945],[77.519775,12.937076],[77.519918,12.93712],[77.520089,12.937187],[77.520253,12.93716],[77.520324,12.937013],[77.520448,12.936798],[77.520374,12.936685],[77.5203,12.936626],[77.51926,12.93625]]]]}","[{""gateName"": ""Rajarajeshwari Nagar"", ""stop_code"": ""19_1"", ""lat"": 12.9366, ""lon"": 77.51968}, {""gateName"": ""Rajarajeshwari Nagar"", ""stop_code"": ""19_2"", ""lat"": 12.9366, ""lon"": 77.51968}, {""gateName"": ""A-Rajarajeshwari Nagar Side"", ""stop_code"": ""19_G_A"", ""lat"": 12.93645063, ""lon"": 77.51968548}, {""gateName"": ""B-Sports Authority of India Side"", ""stop_code"": ""19_G_B"", ""lat"": 12.93688196, ""lon"": 77.51953661}]",12.9366,77.51968,Rajarajeshwari Nagar,72
please-ues-me,59,"{""type"":""MultiPolygon"",""coordinates"":[[[[77.579916,12.922409],[77.58013,12.922397],[77.580297,12.922379],[77.580296,12.922476],[77.580404,12.922489],[77.580479,12.922469],[77.580493,12.922333],[77.580495,12.922195],[77.580491,12.922163],[77.580481,12.922094],[77.580555,12.922061],[77.580546,12.921929],[77.580556,12.921035],[77.58056,12.920935],[77.58059,12.920764],[77.580586,12.920535],[77.580402,12.920529],[77.580297,12.920529],[77.57992,12.920551],[77.579888,12.921182],[77.579901,12.921315],[77.579888,12.921716],[77.579915,12.921873],[77.579913,12.921982],[77.579916,12.922409]]]]}","[{""gateName"": ""Rashtreeya Vidyalaya Road"", ""stop_code"": ""59_1"", ""lat"": 12.921331, ""lon"": 77.58027}, {""gateName"": ""Rashtreeya Vidyalaya Road"", ""stop_code"": ""59_2"", ""lat"": 12.921331, ""lon"": 77.58027}, {""gateName"": ""A-Rashtreeya Vidyalaya Road"", ""stop_code"": ""59_G_A"", ""lat"": 12.92133788, ""lon"": 77.58026719}]",12.921331,77.58027,Rashtreeya Vidyalaya Road,33
please-ues-me,57,"{""type"":""MultiPolygon"",""coordinates"":[[[[77.579961,12.938975],[77.58008,12.938989],[77.580243,12.938978],[77.580308,12.937672],[77.579918,12.937661],[77.579961,12.938975]]]]}","[{""gateName"": ""South End Circle"", ""stop_code"": ""57_1"", ""lat"": 12.938257, ""lon"": 77.580055}, {""gateName"": ""South End Circle"", ""stop_code"": ""57_2"", ""lat"": 12.938257, ""lon"": 77.580055}, {""gateName"": ""A-Vijaya College Side"", ""stop_code"": ""57_G_A"", ""lat"": 12.93759562, ""lon"": 77.58040801}, {""gateName"": ""B-South End Circle Side"", ""stop_code"": ""57_G_B"", ""lat"": 12.93807008, ""lon"": 77.58033089}, {""gateName"": ""C-Kanakapura Road Side"", ""stop_code"": ""57_G_C"", ""lat"": 12.93813609, ""lon"": 77.57987827}]",12.938257,77.580055,South End Circle,28
please-ues-me,51,"{""type"":""MultiPolygon"",""coordinates"":[[[[77.570289,12.990803],[77.570081,12.991146],[77.569928,12.991404],[77.56953,12.99211],[77.569889,12.992351],[77.571458,12.992376],[77.571494,12.991803],[77.571507,12.991395],[77.571658,12.991025],[77.571803,12.990601],[77.572089,12.990218],[77.57171,12.990095],[77.571544,12.990019],[77.571541,12.989567],[77.571388,12.989455],[77.570893,12.989757],[77.570974,12.989847],[77.570289,12.990803]]]]}","[{""gateName"": ""Mantri Square Sampige Road"", ""stop_code"": ""51_1"", ""lat"": 12.990463, ""lon"": 77.57073}, {""gateName"": ""Mantri Square Sampige Road"", ""stop_code"": ""51_2"", ""lat"": 12.990463, ""lon"": 77.57073}, {""gateName"": ""A-PNR Nagar Side"", ""stop_code"": ""51_G_A"", ""lat"": 12.99011298, ""lon"": 77.57133811}, {""gateName"": ""B-PNR Nagar Side"", ""stop_code"": ""51_G_B"", ""lat"": 12.9898098, ""lon"": 77.57089287}, {""gateName"": ""C-Mantri Mall Side"", ""stop_code"": ""51_G_C"", ""lat"": 12.99095454, ""lon"": 77.57054954}]",12.990463,77.57073,Mantri Square Sampige Road,47
please-ues-me,50,"{""type"":""MultiPolygon"",""coordinates"":[[[[77.562587,12.996728],[77.562872,12.996713],[77.56294,12.996757],[77.563415,12.996704],[77.563497,12.996738],[77.563536,12.996776],[77.563722,12.99674],[77.563713,12.996665],[77.563771,12.996614],[77.56391,12.996625],[77.563992,12.99661],[77.564162,12.996595],[77.564139,12.996433],[77.56403,12.996425],[77.563973,12.995964],[77.563672,12.995989],[77.563666,12.996187],[77.563373,12.99625],[77.562995,12.996308],[77.562948,12.996304],[77.562899,12.996305],[77.562556,12.996343],[77.562587,12.996728]]]]}","[{""gateName"": ""Srirampura"", ""stop_code"": ""50_1"", ""lat"": 12.996525, ""lon"": 77.563194}, {""gateName"": ""Srirampura"", ""stop_code"": ""50_2"", ""lat"": 12.996525, ""lon"": 77.563194}, {""gateName"": ""A-Maruthi Extension"", ""stop_code"": ""50_G_A"", ""lat"": 12.99646779, ""lon"": 77.56406261}, {""gateName"": ""C-Prakash Nagar"", ""stop_code"": ""50_G_C"", ""lat"": 12.9962574, ""lon"": 77.56382525}]",12.996525,77.563194,Srirampura,48
please-ues-me,46,"{""type"":""MultiPolygon"",""coordinates"":[[[[77.55381,13.01543],[77.553909,13.015475],[77.554023,13.015478],[77.554108,13.015487],[77.554219,13.015453],[77.555397,13.015385],[77.555405,13.014889],[77.55539,13.014639],[77.555403,13.014473],[77.554371,13.014533],[77.554225,13.014379],[77.554264,13.013973],[77.554292,13.013735],[77.554483,13.013415],[77.554435,13.013373],[77.554353,13.013333],[77.554148,13.013682],[77.554149,13.013993],[77.554022,13.013986],[77.554004,13.013924],[77.553722,13.013912],[77.553708,13.014268],[77.553743,13.014287],[77.553743,13.014922],[77.55382,13.014978],[77.55381,13.01543]]]]}","[{""gateName"": ""Sandal Soap Factory"", ""stop_code"": ""46_1"", ""lat"": 13.014654, ""lon"": 77.553986}, {""gateName"": ""Sandal Soap Factory"", ""stop_code"": ""46_2"", ""lat"": 13.014654, ""lon"": 77.553986}, {""gateName"": ""A-Orion Mall Side"", ""stop_code"": ""46_G_A"", ""lat"": 13.01349025, ""lon"": 77.55431949}, {""gateName"": ""B-Mysore Sandal Soap Factory Side"", ""stop_code"": ""46_G_B"", ""lat"": 13.01382998, ""lon"": 77.55386889}]",13.014654,77.553986,Sandal Soap Factory,52
please-ues-me,32,"{""type"":""MultiPolygon"",""coordinates"":[[[[77.727595,12.981881],[77.727691,12.98193],[77.727781,12.981929],[77.727911,12.981905],[77.72793,12.981837],[77.727985,12.981737],[77.727918,12.98136],[77.727894,12.981194],[77.727869,12.98101],[77.727851,12.980934],[77.727758,12.980535],[77.727629,12.980407],[77.7275,12.980467],[77.727312,12.980509],[77.727232,12.980699],[77.727254,12.981206],[77.727469,12.981747],[77.727537,12.981843],[77.727595,12.981881]]]]}","[{""gateName"": ""Sri Sathya Sai Hospital"", ""stop_code"": ""32_1"", ""lat"": 12.981195, ""lon"": 77.72754}, {""gateName"": ""Sri Sathya Sai Hospital"", ""stop_code"": ""32_2"", ""lat"": 12.981195, ""lon"": 77.72754}, {""gateName"": ""A-KIADB Industrial Area Side"", ""stop_code"": ""32_G_A"", ""lat"": 12.98123779, ""lon"": 77.72741049}, {""gateName"": ""B-Sri Sathya Sai Hospital Side"", ""stop_code"": ""32_G_B"", ""lat"": 12.98115742, ""lon"": 77.72780478}]",12.981195,77.72754,Sri Sathya Sai Hospital,90
please-ues-me,2,"{""type"":""MultiPolygon"",""coordinates"":[[[[77.644291,12.985236],[77.644211,12.985395],[77.64452,12.985502],[77.6445,12.985532],[77.644441,12.985558],[77.644403,12.9856],[77.644315,12.985815],[77.644453,12.985879],[77.644451,12.985935],[77.64442,12.985976],[77.644463,12.986006],[77.644813,12.98613],[77.644854,12.986077],[77.645575,12.986386],[77.645641,12.986338],[77.645695,12.986253],[77.645711,12.986157],[77.64571,12.986087],[77.645208,12.985876],[77.645093,12.985787],[77.644959,12.985771],[77.64461,12.985635],[77.644644,12.985547],[77.644773,12.985602],[77.644934,12.985668],[77.645001,12.985498],[77.644661,12.985358],[77.644291,12.985236]]]]}","[{""gateName"": ""Swami Vivekananda Road"", ""stop_code"": ""2_1"", ""lat"": 12.985931, ""lon"": 77.6449}, {""gateName"": ""Swami Vivekananda Road"", ""stop_code"": ""2_2"", ""lat"": 12.985931, ""lon"": 77.6449}, {""gateName"": ""A-Isolation Hospital Side"", ""stop_code"": ""2_G_A"", ""lat"": 12.98586132, ""lon"": 77.64444239}, {""gateName"": ""B-Isolation Hospital Side"", ""stop_code"": ""2_G_B"", ""lat"": 12.98603773, ""lon"": 77.64475755}, {""gateName"": ""C-80ft Road Side"", ""stop_code"": ""2_G_C"", ""lat"": 12.98546862, ""lon"": 77.64490507}, {""gateName"": ""D-80ft Road Side"", ""stop_code"": ""2_G_D"", ""lat"": 12.9853778, ""lon"": 77.64450677}, {""gateName"": ""E-80ft Road Side"", ""stop_code"": ""2_G_E"", ""lat"": 12.98521053, ""lon"": 77.64426134}]",12.985931,77.6449,Swami Vivekananda Road,78
please-ues-me,66,"{""type"":""MultiPolygon"",""coordinates"":[[[[77.53883,12.872124],[77.539029,12.871912],[77.539018,12.871757],[77.538943,12.871661],[77.538321,12.870883],[77.538208,12.870767],[77.538063,12.870693],[77.537931,12.87075],[77.537887,12.870777],[77.537858,12.870833],[77.537824,12.870929],[77.537808,12.871026],[77.537845,12.871147],[77.538149,12.871652],[77.538359,12.871961],[77.538598,12.872182],[77.53883,12.872124]]]]}","[{""gateName"": ""Thalaghattapura"", ""stop_code"": ""66_1"", ""lat"": 12.87141, ""lon"": 77.5384}, {""gateName"": ""Thalaghattapura"", ""stop_code"": ""66_2"", ""lat"": 12.87141, ""lon"": 77.5384}, {""gateName"": ""A-Govt Model Primary School SIde"", ""stop_code"": ""66_G_A"", ""lat"": 12.87124829, ""lon"": 77.53849849}, {""gateName"": ""B-Thalaghattapura Police Station Side"", ""stop_code"": ""66_G_B"", ""lat"": 12.87148362, ""lon"": 77.53819942}]",12.87141,77.5384,Thalaghattapura,41
please-ues-me,5,"{""type"":""MultiPolygon"",""coordinates"":[[[[77.616315,12.973405],[77.617024,12.973259],[77.617376,12.973208],[77.61769,12.973039],[77.617695,12.972731],[77.61625,12.973026],[77.616315,12.973405]]]]}","[{""gateName"": ""Trinity"", ""stop_code"": ""5_1"", ""lat"": 12.973022, ""lon"": 77.61702}, {""gateName"": ""Trinity"", ""stop_code"": ""5_2"", ""lat"": 12.973022, ""lon"": 77.61702}, {""gateName"": ""A-South Side"", ""stop_code"": ""5_G_A"", ""lat"": 12.97287459, ""lon"": 77.61681363}, {""gateName"": ""B-North Side"", ""stop_code"": ""5_G_B"", ""lat"": 12.97301181, ""lon"": 77.61750027}, {""gateName"": ""C-South Side"", ""stop_code"": ""5_G_C"", ""lat"": 12.97263085, ""lon"": 77.61706173}]",12.973022,77.61702,Trinity,27
please-ues-me,35,"{""type"":""MultiPolygon"",""coordinates"":[[[[77.753407,12.986289],[77.753173,12.986471],[77.753292,12.986843],[77.753542,12.987278],[77.75376,12.987781],[77.753844,12.987951],[77.753946,12.988044],[77.754101,12.988098],[77.754248,12.988075],[77.754308,12.987972],[77.754369,12.98783],[77.754359,12.987688],[77.754156,12.987192],[77.753952,12.986714],[77.753914,12.986636],[77.753881,12.986555],[77.753738,12.986312],[77.753407,12.986289]]]]}","[{""gateName"": ""Hopefarm Channasandra"", ""stop_code"": ""35_1"", ""lat"": 12.987343, ""lon"": 77.7538}, {""gateName"": ""Hopefarm Channasandra"", ""stop_code"": ""35_2"", ""lat"": 12.987343, ""lon"": 77.7538}, {""gateName"": ""A-Kadugodi Colony Side"", ""stop_code"": ""35_G_A"", ""lat"": 12.9873465, ""lon"": 77.75368743}, {""gateName"": ""B-Kadugodi Side"", ""stop_code"": ""35_G_B"", ""lat"": 12.98719197, ""lon"": 77.75406025}]",12.987343,77.7538,Hopefarm Channasandra,92
please-ues-me,31,"{""type"":""MultiPolygon"",""coordinates"":[[[[77.723956,12.976518],[77.723989,12.976945],[77.724123,12.977012],[77.724353,12.977002],[77.724449,12.976989],[77.72462,12.976968],[77.724793,12.976921],[77.72516,12.976887],[77.725424,12.976858],[77.725571,12.976816],[77.725598,12.976733],[77.725566,12.976418],[77.725173,12.976374],[77.724835,12.976397],[77.724431,12.97645],[77.723956,12.976518]]]]}","[{""gateName"": ""Nallurahalli"", ""stop_code"": ""31_1"", ""lat"": 12.976641, ""lon"": 77.724884}, {""gateName"": ""Nallurahalli"", ""stop_code"": ""31_2"", ""lat"": 12.976641, ""lon"": 77.724884}, {""gateName"": ""A-Nallurahalli"", ""stop_code"": ""31_G_A"", ""lat"": 12.97665012, ""lon"": 77.72488117}]",12.976641,77.724884,Nallurahalli,89
please-ues-me,8,"{""type"":""MultiPolygon"",""coordinates"":[[[[77.589929866,12.977687033],[77.592664598,12.980387481],[77.593481767,12.979814199],[77.590598511,12.976970806],[77.589929866,12.977687033]]]]}","[{""gateName"": ""Dr. B. R. Ambedkar Station, Vidhana Soudha"", ""stop_code"": ""8_1"", ""lat"": 12.978742, ""lon"": 77.59164}, {""gateName"": ""Dr. B. R. Ambedkar Station, Vidhana Soudha"", ""stop_code"": ""8_2"", ""lat"": 12.978742, ""lon"": 77.59164}, {""gateName"": ""A-Vidhana Soudha Side"", ""stop_code"": ""8_G_A"", ""lat"": 12.9801394, ""lon"": 77.59274348}, {""gateName"": ""B-GPO Side"", ""stop_code"": ""8_G_B"", ""lat"": 12.97947945, ""lon"": 77.59268179}, {""gateName"": ""C-GPO Side"", ""stop_code"": ""8_G_C"", ""lat"": 12.97902989, ""lon"": 77.59229153}, {""gateName"": ""D-Cubbon Park Side"", ""stop_code"": ""8_G_D"", ""lat"": 12.97756492, ""lon"": 77.59092226}, {""gateName"": ""E-Vikasa Soudha Side"", ""stop_code"": ""8_G_E"", ""lat"": 12.97763287, ""lon"": 77.59011894}, {""gateName"": ""F-Dr. B. R. Ambedkar Station, Vidhana Soudha"", ""stop_code"": ""8_G_F"", ""lat"": 12.9778668, ""lon"": 77.59021014}]",12.978742,77.59164,"Dr. B. R. Ambedkar Station, Vidhana Soudha",61
please-ues-me,14,"{""type"":""MultiPolygon"",""coordinates"":[[[[77.537062,12.970214],[77.537106,12.970363],[77.537034,12.970416],[77.537411,12.971481],[77.53776,12.971382],[77.537766,12.971237],[77.537765,12.971185],[77.537586,12.970603],[77.537482,12.970298],[77.537427,12.970213],[77.537302,12.970142],[77.537062,12.970214]]]]}","[{""gateName"": ""Vijayanagar"", ""stop_code"": ""14_1"", ""lat"": 12.970956, ""lon"": 77.53741}, {""gateName"": ""Vijayanagar"", ""stop_code"": ""14_2"", ""lat"": 12.970956, ""lon"": 77.53741}, {""gateName"": ""A-Post Office Side"", ""stop_code"": ""14_G_A"", ""lat"": 12.97129719, ""lon"": 77.53740548}, {""gateName"": ""B-Hosahalli Side"", ""stop_code"": ""14_G_B"", ""lat"": 12.97025691, ""lon"": 77.53732502}]",12.970956,77.53741,Vijayanagar,67
please-ues-me,65,"{""type"":""MultiPolygon"",""coordinates"":[[[[77.544454,12.876733],[77.544414,12.876736],[77.544378,12.876756],[77.544331,12.876961],[77.544319,12.87704],[77.544274,12.877202],[77.544444,12.87761],[77.544663,12.878069],[77.54471,12.878162],[77.544817,12.878193],[77.544887,12.87825],[77.544991,12.878355],[77.545134,12.878632],[77.545284,12.878559],[77.545432,12.878496],[77.545298,12.878129],[77.545312,12.878027],[77.545309,12.877809],[77.545115,12.877318],[77.544972,12.876951],[77.544823,12.876786],[77.544704,12.876749],[77.544601,12.876739],[77.544507,12.876753],[77.544454,12.876733]]]]}","[{""gateName"": ""Vajarahalli"", ""stop_code"": ""65_1"", ""lat"": 12.877437, ""lon"": 77.54474}, {""gateName"": ""Vajarahalli"", ""stop_code"": ""65_2"", ""lat"": 12.877437, ""lon"": 77.54474}, {""gateName"": ""A-Raghuvanahalli Side"", ""stop_code"": ""65_G_A"", ""lat"": 12.87740545, ""lon"": 77.54492573}, {""gateName"": ""B-Bayanapalya Side"", ""stop_code"": ""65_G_B"", ""lat"": 12.87754861, ""lon"": 77.5445871}]",12.877437,77.54474,Vajarahalli,40
please-ues-me,9,"{""type"":""MultiPolygon"",""coordinates"":[[[[77.583025,12.973411],[77.582891,12.97334],[77.582857,12.973385],[77.58282,12.973429],[77.582788,12.973466],[77.58276,12.973499],[77.582701,12.973453],[77.582616,12.973631],[77.582506,12.973829],[77.583178,12.974258],[77.583329,12.974128],[77.584425,12.974791],[77.584385,12.974908],[77.584416,12.974987],[77.584537,12.975052],[77.584637,12.975085],[77.584743,12.975114],[77.584865,12.975],[77.584962,12.974849],[77.585137,12.974543],[77.584661,12.974292],[77.584501,12.974533],[77.583961,12.974231],[77.583444,12.973926],[77.583516,12.973757],[77.583222,12.973557],[77.583025,12.973411]]]]}","[{""gateName"": ""Sir M. Visvesvaraya Stn., Central College"", ""stop_code"": ""9_1"", ""lat"": 12.97452, ""lon"": 77.58422}, {""gateName"": ""Sir M. Visvesvaraya Stn., Central College"", ""stop_code"": ""9_2"", ""lat"": 12.97452, ""lon"": 77.58422}, {""gateName"": ""A-Bangalore University Side"", ""stop_code"": ""9_G_A"", ""lat"": 12.97485842, ""lon"": 77.58451848}, {""gateName"": ""B-Government Arts and Science College Side"", ""stop_code"": ""9_G_B"", ""lat"": 12.9745121, ""lon"": 77.58472904}, {""gateName"": ""C-City Civil Court Side"", ""stop_code"": ""9_G_C"", ""lat"": 12.97349797, ""lon"": 77.58299634}, {""gateName"": ""D-Central College Side"", ""stop_code"": ""9_G_D"", ""lat"": 12.97385213, ""lon"": 77.58278847}, {""gateName"": ""E-Central College Side"", ""stop_code"": ""9_G_E"", ""lat"": 12.97398412, ""lon"": 77.5831452}]",12.97452,77.58422,"Sir M. Visvesvaraya Stn., Central College",62
please-ues-me,29,"{""type"":""MultiPolygon"",""coordinates"":[[[[77.708408,12.981377],[77.708428,12.981446],[77.708457,12.981513],[77.708566,12.981559],[77.708746,12.981602],[77.708911,12.981557],[77.708968,12.981373],[77.709025,12.981216],[77.709119,12.980886],[77.709198,12.980569],[77.70923,12.980407],[77.709228,12.980245],[77.709179,12.980172],[77.709084,12.980101],[77.708954,12.980109],[77.708803,12.98014],[77.70872,12.980286],[77.708674,12.980436],[77.70857,12.980755],[77.708408,12.981377]]]]}","[{""gateName"": ""Seetharampalya"", ""stop_code"": ""29_1"", ""lat"": 12.980856, ""lon"": 77.708786}, {""gateName"": ""Seetharampalya"", ""stop_code"": ""29_2"", ""lat"": 12.980856, ""lon"": 77.708786}, {""gateName"": ""A-Seetharampalya Side"", ""stop_code"": ""29_G_A"", ""lat"": 12.98092611, ""lon"": 77.70898238}, {""gateName"": ""B-Doddanekundi Side"", ""stop_code"": ""29_G_B"", ""lat"": 12.98082941, ""lon"": 77.70862162}]",12.980856,77.708786,Seetharampalya,87
please-ues-me,36,"{""type"":""MultiPolygon"",""coordinates"":[[[[77.757875,12.996333],[77.758268,12.996374],[77.758258,12.996175],[77.75817,12.995801],[77.758045,12.995487],[77.757816,12.994864],[77.75769,12.994715],[77.75754,12.994752],[77.757469,12.995014],[77.757875,12.996333]]]]}","[{""gateName"": ""Whitefield (Kadugodi)"", ""stop_code"": ""36_1"", ""lat"": 12.995743, ""lon"": 77.75795}, {""gateName"": ""Whitefield (Kadugodi)"", ""stop_code"": ""36_2"", ""lat"": 12.995743, ""lon"": 77.75795}, {""gateName"": ""A-Whitefield Traffic Police Station Side"", ""stop_code"": ""36_G_A"", ""lat"": 12.99497417, ""lon"": 77.7578938}, {""gateName"": ""B-Whitefield Railway Station Side"", ""stop_code"": ""36_G_B"", ""lat"": 12.99586537, ""lon"": 77.75814593}]",12.995743,77.75795,Whitefield (Kadugodi),93
please-ues-me,44,"{""type"":""MultiPolygon"",""coordinates"":[[[[77.540288,13.028598],[77.540335,13.028685],[77.540411,13.028784],[77.540559,13.028693],[77.540604,13.02876],[77.541077,13.028481],[77.541116,13.028499],[77.541177,13.028619],[77.541365,13.028504],[77.541425,13.028471],[77.541608,13.028364],[77.541522,13.028235],[77.541465,13.028253],[77.541428,13.028191],[77.541557,13.028104],[77.541517,13.028031],[77.541424,13.027927],[77.541268,13.028004],[77.541251,13.027988],[77.541075,13.028088],[77.541056,13.028055],[77.541318,13.02791],[77.541254,13.027794],[77.540749,13.028077],[77.540826,13.028227],[77.540678,13.0283],[77.540601,13.028149],[77.540343,13.0283],[77.540289,13.028364],[77.540318,13.028432],[77.540401,13.028434],[77.540442,13.028498],[77.540288,13.028598]]]]}","[{""gateName"": ""Goraguntepalya"", ""stop_code"": ""44_1"", ""lat"": 13.028403, ""lon"": 77.54086}, {""gateName"": ""Goraguntepalya"", ""stop_code"": ""44_2"", ""lat"": 13.028403, ""lon"": 77.54086}, {""gateName"": ""A-GG Palya Side"", ""stop_code"": ""44_G_A"", ""lat"": 13.02786311, ""lon"": 77.54114984}, {""gateName"": ""B-GG Palya Side"", ""stop_code"": ""44_G_B"", ""lat"": 13.02800421, ""lon"": 77.54090845}, {""gateName"": ""C-GG Palya Side"", ""stop_code"": ""44_G_C"", ""lat"": 13.02833347, ""lon"": 77.54148245}, {""gateName"": ""E-MES Road Side"", ""stop_code"": ""44_G_E"", ""lat"": 13.02837005, ""lon"": 77.54027009}]",13.028403,77.54086,Goraguntepalya,54
please-ues-me,45,"{""type"":""MultiPolygon"",""coordinates"":[[[[77.550594,13.023283],[77.55051,13.023053],[77.550566,13.023007],[77.550428,13.022764],[77.550274,13.022844],[77.550249,13.022797],[77.550598,13.022602],[77.55049,13.022443],[77.550016,13.022674],[77.549952,13.022894],[77.549858,13.022967],[77.549789,13.022866],[77.549559,13.023004],[77.549603,13.023103],[77.549503,13.02317],[77.549318,13.02311],[77.548864,13.023399],[77.548959,13.023564],[77.549283,13.023369],[77.549333,13.023381],[77.549224,13.023485],[77.549363,13.023708],[77.549542,13.023622],[77.549639,13.023701],[77.549746,13.023732],[77.54989,13.023682],[77.550162,13.023515],[77.550325,13.023778],[77.550385,13.023705],[77.550433,13.023647],[77.550448,13.023623],[77.550341,13.023439],[77.550594,13.023283]]]]}","[{""gateName"": ""Yeshwantpur"", ""stop_code"": ""45_1"", ""lat"": 13.023268, ""lon"": 77.54987}, {""gateName"": ""Yeshwantpur"", ""stop_code"": ""45_2"", ""lat"": 13.023268, ""lon"": 77.54987}, {""gateName"": ""A-APMC Market Side"", ""stop_code"": ""45_G_A"", ""lat"": 13.02257138, ""lon"": 77.55038201}, {""gateName"": ""B-APMC Market Side"", ""stop_code"": ""45_G_B"", ""lat"": 13.02296074, ""lon"": 77.54967928}, {""gateName"": ""C-APMC Market Side"", ""stop_code"": ""45_G_C"", ""lat"": 13.0233684, ""lon"": 77.5489591}, {""gateName"": ""D-Railway Station Side"", ""stop_code"": ""45_G_D"", ""lat"": 13.02364802, ""lon"": 77.54968732}, {""gateName"": ""E-Railway Station Side"", ""stop_code"": ""45_G_E"", ""lat"": 13.02360359, ""lon"": 77.55031764}, {""gateName"": ""F-Railway Station Side"", ""stop_code"": ""45_G_F"", ""lat"": 13.02334096, ""lon"": 77.55011245}, {""gateName"": ""G-Railway Station Side"", ""stop_code"": ""45_G_G"", ""lat"": 13.02314759, ""lon"": 77.55047187}]",13.023268,77.54987,Yeshwantpur,53
please-ues-me,40,"{""type"":""MultiPolygon"",""coordinates"":[[[[77.511616,13.043429],[77.511664,13.043767],[77.511706,13.043923],[77.511883,13.043971],[77.512178,13.043924],[77.513186,13.043711],[77.513143,13.04346],[77.513125,13.043349],[77.513155,13.04327],[77.513095,13.042935],[77.511616,13.043429]]]]}","[{""gateName"": ""Dasarahalli"", ""stop_code"": ""40_1"", ""lat"": 13.043261, ""lon"": 77.51255}, {""gateName"": ""Dasarahalli"", ""stop_code"": ""40_2"", ""lat"": 13.043261, ""lon"": 77.51255}, {""gateName"": ""A-Hesarghatta Cross Side"", ""stop_code"": ""40_G_A"", ""lat"": 13.04356122, ""lon"": 77.511895}, {""gateName"": ""B-Jalahalli Cross Side"", ""stop_code"": ""40_G_B"", ""lat"": 13.04324897, ""lon"": 77.5128445}]",13.043261,77.51255,Dasarahalli,58
chennai_data,SAE,,"[{""gateName"": ""A3-Near Amma Arangam"", ""stop_code"": ""SAE"", ""lat"": 13.084513, ""lon"": 80.2196321}, {""gateName"": ""A2-Near Valliammal College"", ""stop_code"": ""SAE"", ""lat"": 13.0846623, ""lon"": 80.2196832}, {""gateName"": ""B2-Near Anna Nagar Roundana"", ""stop_code"": ""SAE"", ""lat"": 13.0845365, ""lon"": 80.2191261}, {""gateName"": ""B3-Near Kandhaswamy College"", ""stop_code"": ""SAE"", ""lat"": 13.0846921, ""lon"": 80.218741}]",13.08472565,80.22005328,ANNA NAGAR EAST,
chennai_data,SAL,,"[{""gateName"": ""B-Towards Airport"", ""stop_code"": ""SAL"", ""lat"": 13.0038958, ""lon"": 80.20118}, {""gateName"": ""A- Near Urban Square"", ""stop_code"": ""SAL"", ""lat"": 13.0048551, ""lon"": 80.2015646}]",13.00372197,80.20154361,ARIGNAR ANNA ALANDUR,
chennai_data,SAN,,"[{""gateName"": ""C-Near ESI Hospital"", ""stop_code"": ""SAN"", ""lat"": 13.0351886, ""lon"": 80.2104551}, {""gateName"": ""D-Near BHEL Staff Quarters"", ""stop_code"": ""SAN"", ""lat"": 13.0351167, ""lon"": 80.2108348}]",13.03534195,80.21063651,ASHOK NAGAR,
chennai_data,SAP,,"[{""gateName"": ""A-Towards Tambaram/Koyambedu"", ""stop_code"": ""SAP"", ""lat"": 12.9804578, ""lon"": 80.1643062}]",12.98159298,80.1639009,AIRPORT,
chennai_data,SAR,,"[{""gateName"": ""C-Near MMDA Colony"", ""stop_code"": ""SAR"", ""lat"": 13.0618382, ""lon"": 80.2117838}, {""gateName"": ""B-Near Chennai Park Inn"", ""stop_code"": ""SAR"", ""lat"": 13.0617739, ""lon"": 80.211564}]",13.06184867,80.21191767,ARUMBAKKAM,
chennai_data,SAT,,"[{""gateName"": ""B3-Near Kora Food Street"", ""stop_code"": ""SAT"", ""lat"": 13.0851153, ""lon"": 80.2084914}, {""gateName"": ""B1&B2-Near 2nd Avenue Road"", ""stop_code"": ""SAT"", ""lat"": 13.0848867, ""lon"": 80.2084222}, {""gateName"": ""A3-Near Shanthi Colony"", ""stop_code"": ""SAT"", ""lat"": 13.0848399, ""lon"": 80.209699}, {""gateName"": ""A2-Near Anna Tower Park"", ""stop_code"": ""SAT"", ""lat"": 13.0851002, ""lon"": 80.2096133}]",13.08517703,80.20848648,ANNA NAGAR TOWER,
chennai_data,SCC,,"[{""gateName"": ""B2-Near Central Railway Station"", ""stop_code"": ""SCC"", ""lat"": 13.0816968, ""lon"": 80.273681}, {""gateName"": ""A2- Near Rajiv Gandhi Hospital"", ""stop_code"": ""SCC"", ""lat"": 13.0815127, ""lon"": 80.2747051}, {""gateName"": ""B1- Towards Egmore road"", ""stop_code"": ""SCC"", ""lat"": 13.0813602, ""lon"": 80.2733365}, {""gateName"": ""B5- Near Ripon Building"", ""stop_code"": ""SCC"", ""lat"": 13.0817205, ""lon"": 80.270964}]",13.0817804,80.27354903,PURATCHI THALAIVAR DR.M.G.RAMACHANDRAN CENTRAL METRO,
chennai_data,SCM,,"[{""gateName"": ""D-Near KSRTC Boarding Point "", ""stop_code"": ""SCM"", ""lat"": 13.0680697, ""lon"": 80.2040548}, {""gateName"": ""C- Near Koyambedu Bus Stand"", ""stop_code"": ""SCM"", ""lat"": 13.0698771, ""lon"": 80.2047622}, {""gateName"": ""A-Near Koyambedu Market"", ""stop_code"": ""SCM"", ""lat"": 13.0682084, ""lon"": 80.2035784}]",13.06824182,80.20411868,PURATCHI THALAIVI DR.J.JAYALALITHAA CMBT METRO,
chennai_data,SCR,,"[{""gateName"": ""A2-Near Post office Nandanam"", ""stop_code"": ""SCR"", ""lat"": 13.0318744, ""lon"": 80.2411259}, {""gateName"": ""B1-Near Defence Officers Quarters"", ""stop_code"": ""SCR"", ""lat"": 13.0308356, ""lon"": 80.2396807}, {""gateName"": ""A1-Near Chennai Metros"", ""stop_code"": ""SCR"", ""lat"": 13.0320289, ""lon"": 80.2421045}]",13.03112925,80.24035987,NANDANAM,
chennai_data,SEG,,"[{""gateName"": ""B2-Near Periyar Book House"", ""stop_code"": ""SEG"", ""lat"": 13.0797209, ""lon"": 80.2613928}]",13.07877935,80.26110401,EGMORE METRO,
chennai_data,SGE,,"[{""gateName"": ""A2-Near Omandurar Multispeciality Hospital "", ""stop_code"": ""SGE"", ""lat"": 13.0701119, ""lon"": 80.2735251}, {""gateName"": ""B2-Near Richie Street"", ""stop_code"": ""SGE"", ""lat"": 13.06937, ""lon"": 80.2721987}, {""gateName"": ""A3-Near Chindadaripet Railway Station "", ""stop_code"": ""SGE"", ""lat"": 13.070008, ""lon"": 80.272892}, {""gateName"": ""B1-Near Kalaivanar Arangam"", ""stop_code"": ""SGE"", ""lat"": 13.0689044, ""lon"": 80.2722294}]",13.07004362,80.2735029,GOVERNMENT ESTATE,
chennai_data,SGM,,"[{""gateName"": ""A1-Near DMS Office"", ""stop_code"": ""SGM"", ""lat"": 13.0459917, ""lon"": 80.248507}, {""gateName"": ""A3-Near Kamarajar Arangam"", ""stop_code"": ""SGM"", ""lat"": 13.0467314, ""lon"": 80.248317}, {""gateName"": ""B2-Near Century Plaza"", ""stop_code"": ""SGM"", ""lat"": 13.0446797, ""lon"": 80.2479194}, {""gateName"": ""B1-Near AG Office"", ""stop_code"": ""SGM"", ""lat"": 13.0444343, ""lon"": 80.2481167}]",13.04594039,80.24853668,AG-DMS,
chennai_data,SGU,,"[{""gateName"": ""A-Near Guindy Railway Station"", ""stop_code"": ""SGU"", ""lat"": 13.0090566, ""lon"": 80.2123341}]",13.00936883,80.21343944,GUINDY METRO,
chennai_data,SHC,,"[{""gateName"": ""A1-Near Madras Law College"", ""stop_code"": ""SHC"", ""lat"": 13.0878626, ""lon"": 80.2853306}, {""gateName"": ""A3-Near Sowcarpet"", ""stop_code"": ""SHC"", ""lat"": 13.0883549, ""lon"": 80.2848219}, {""gateName"": ""A4-Near Beach Station"", ""stop_code"": ""SHC"", ""lat"": 13.0885627, ""lon"": 80.285755}, {""gateName"": ""B1-Near Fort Railway Station"", ""stop_code"": ""SHC"", ""lat"": 13.0870741, ""lon"": 80.2851312}, {""gateName"": ""B3- Near Raja Annamalai Mandram"", ""stop_code"": ""SHC"", ""lat"": 13.0864115, ""lon"": 80.2848047}]",13.08786263,80.28533057,HIGH COURT,
chennai_data,SKM,,"[{""gateName"": ""B1-Near ECO Park"", ""stop_code"": ""SKM"", ""lat"": 13.0775251, ""lon"": 80.2422504}, {""gateName"": ""B3-Near Indian Overseas Bank"", ""stop_code"": ""SKM"", ""lat"": 13.0777155, ""lon"": 80.2422361}, {""gateName"": ""A3-Bus Stop Towards Koyambedu"", ""stop_code"": ""SKM"", ""lat"": 13.077668, ""lon"": 80.2432363}, {""gateName"": ""A1-Near Kilpauk Medical College"", ""stop_code"": ""SKM"", ""lat"": 13.0778339, ""lon"": 80.2430103}]",13.07734478,80.24221008,KILPAUK,
chennai_data,SKO,,"[{""gateName"": ""D-Towards Kurungaleeswarar Temple"", ""stop_code"": ""SKO"", ""lat"": 13.0751976, ""lon"": 80.1951265}, {""gateName"": ""C-Near Koyambedu Market"", ""stop_code"": ""SKO"", ""lat"": 13.0726373, ""lon"": 80.1947203}, {""gateName"": ""B-Near Koyambedu CMDA Building"", ""stop_code"": ""SKO"", ""lat"": 13.0731137, ""lon"": 80.1949613}, {""gateName"": ""A-Towards Maduravoyal / Poonamalle"", ""stop_code"": ""SKO"", ""lat"": 13.073908, ""lon"": 80.1951991}]",13.07533116,80.19506616,KOYAMBEDU,
chennai_data,SKP,,"[{""gateName"": ""E2-Near Rohit Hospital"", ""stop_code"": ""SKP"", ""lat"": 13.1509405, ""lon"": 80.2995983}, {""gateName"": ""E1-Near Kaladipet market"", ""stop_code"": ""SKP"", ""lat"": 13.1507503, ""lon"": 80.2993216}]",13.15090825,80.29963587,KALADIPET METRO,
chennai_data,SLI,,"[{""gateName"": ""A3-Near Pass Port Office"", ""stop_code"": ""SLI"", ""lat"": 13.0653143, ""lon"": 80.2667528}, {""gateName"": ""A2-Near Yes Bank"", ""stop_code"": ""SLI"", ""lat"": 13.0650113, ""lon"": 80.2668337}, {""gateName"": ""B2-Near LIC Southern zonal office"", ""stop_code"": ""SLI"", ""lat"": 13.0646088, ""lon"": 80.2663523}, {""gateName"": ""B3-Near Indian Overseas Bank"", ""stop_code"": ""SLI"", ""lat"": 13.0644622, ""lon"": 80.2656779}]",13.06540373,80.26657741,LIC,
chennai_data,SLM,,"[{""gateName"": ""A-Near Ramada Plaza"", ""stop_code"": ""SLM"", ""lat"": 13.0146107, ""lon"": 80.2241499}, {""gateName"": ""B1-Near Panagal Maligai"", ""stop_code"": ""SLM"", ""lat"": 13.0148424, ""lon"": 80.2241542}]",13.01454669,80.22424799,LITTLE MOUNT,
chennai_data,SMA,,"[{""gateName"": ""B1-Near Lingi Cheety Street"", ""stop_code"": ""SMA"", ""lat"": 13.0953684, ""lon"": 80.2863493}, {""gateName"": ""A1-Near Mannadi Street"", ""stop_code"": ""SMA"", ""lat"": 13.0962935, ""lon"": 80.2860347}]",13.09589736,80.28599516,MANNADI,
chennai_data,SME,,"[{""gateName"": ""B1-Near International Air Cargo"", ""stop_code"": ""SME"", ""lat"": 12.9875771, ""lon"": 80.1760626}, {""gateName"": ""A1-Near Suburban Railway Station"", ""stop_code"": ""SME"", ""lat"": 12.987962, ""lon"": 80.1768705}]",12.98760088,80.17603091,MEENAMBAKKAM METRO,
chennai_data,SMM,,"[{""gateName"": ""A-Towards Alandur,Nanganallur"", ""stop_code"": ""SMM"", ""lat"": 12.9949885, ""lon"": 80.1974918}]",12.99474861,80.19755432,ST.THOMAS MOUNT,
chennai_data,SNP,,"[{""gateName"": ""A2-Near Metro Bus Stop"", ""stop_code"": ""SNP"", ""lat"": 13.0789121, ""lon"": 80.250876}, {""gateName"": ""A3-Near Chennai District library"", ""stop_code"": ""SNP"", ""lat"": 13.0787262, ""lon"": 80.2509415}, {""gateName"": ""B3-Near Sangam Cinemas"", ""stop_code"": ""SNP"", ""lat"": 13.0788086, ""lon"": 80.2496099}, {""gateName"": ""B2-Near Tamilnadu Police Quarters"", ""stop_code"": ""SNP"", ""lat"": 13.0785508, ""lon"": 80.2492985}]",13.07892912,80.25087459,NEHRU PARK,
chennai_data,SNW,,"[{""gateName"": ""E1-Near Soundarapandi Subbammal School"", ""stop_code"": ""SNW"", ""lat"": 13.1339496, ""lon"": 80.2926848}, {""gateName"": ""E4-Near Temple Park School"", ""stop_code"": ""SNW"", ""lat"": 13.1340842, ""lon"": 80.2928597}, {""gateName"": ""E3-Near Apollo Hospital"", ""stop_code"": ""SNW"", ""lat"": 13.1344393, ""lon"": 80.2928982}]",13.13402268,80.29274409,NEW WASHERMENPET METRO,
chennai_data,SOT,,"[{""gateName"": ""A1-Towards Airport And Tambaram"", ""stop_code"": ""SOT"", ""lat"": 12.9994289, ""lon"": 80.1937202}]",12.99968301,80.19405757,NANGANALLUR ROAD,
chennai_data,SPC,,"[{""gateName"": ""A2-Towards Central"", ""stop_code"": ""SPC"", ""lat"": 13.0758411, ""lon"": 80.2334919}, {""gateName"": ""B2-Near Pachaiyappa's College"", ""stop_code"": ""SPC"", ""lat"": 13.075347, ""lon"": 80.2325818}, {""gateName"": ""B3-Near St.George School"", ""stop_code"": ""SPC"", ""lat"": 13.0753636, ""lon"": 80.2318887}]",13.0759689,80.23344467,PACHAIYAPPA,
chennai_data,SSA,,"[{""gateName"": ""A3-Near Saidapet Bus Stand"", ""stop_code"": ""SSA"", ""lat"": 13.0239805, ""lon"": 80.2285092}, {""gateName"": ""B3-Near District Registrar's office"", ""stop_code"": ""SSA"", ""lat"": 13.0241977, ""lon"": 80.2281897}, {""gateName"": ""A1-Near Veterinary Poly clinic"", ""stop_code"": ""SSA"", ""lat"": 13.0241405, ""lon"": 80.2293486}]",13.02402718,80.2286365,SAIDAPET METRO,
chennai_data,SSI,,"[{""gateName"": ""A-Towards Airport, Gunidy"", ""stop_code"": ""SSI"", ""lat"": 13.0173997, ""lon"": 80.2057418}, {""gateName"": ""B1-Near Olympia Tech Park"", ""stop_code"": ""SSI"", ""lat"": 13.0171849, ""lon"": 80.2054585}]",13.01710693,80.20568784,EKKATTUTHANGAL,
chennai_data,SSN,,"[{""gateName"": ""B2-Near Post Office"", ""stop_code"": ""SSN"", ""lat"": 13.0798155, ""lon"": 80.2245022}, {""gateName"": ""B3-Near Thiru Vi.Ka.Park"", ""stop_code"": ""SSN"", ""lat"": 13.0797058, ""lon"": 80.225962}, {""gateName"": ""A2-Near Corporation Regional Office"", ""stop_code"": ""SSN"", ""lat"": 13.0775308, ""lon"": 80.225406}, {""gateName"": ""A3-Near Government School"", ""stop_code"": ""SSN"", ""lat"": 13.0775756, ""lon"": 80.2247897}]",13.07971448,80.22463254,SHENOY NAGAR,
chennai_data,STC,,"[{""gateName"": ""E4-Near Bombay Hotel"", ""stop_code"": ""STC"", ""lat"": 13.1156295, ""lon"": 80.2844735}, {""gateName"": ""E2-Near Sir Thiyagaraya College"", ""stop_code"": ""STC"", ""lat"": 13.1171852, ""lon"": 80.284312}, {""gateName"": ""E3-Near Maharani Theatre"", ""stop_code"": ""STC"", ""lat"": 13.1170446, ""lon"": 80.2849629}]",13.11561642,80.28446928,THIYAGARAYA COLLEGE METRO,
chennai_data,STE,,"[{""gateName"": ""A3-Towards T.Nagar"", ""stop_code"": ""STE"", ""lat"": 13.0378398, ""lon"": 80.2464974}, {""gateName"": ""A2-Near Defence Estate Office"", ""stop_code"": ""STE"", ""lat"": 13.0375552, ""lon"": 80.2467131}, {""gateName"": ""B1-Near SIET college"", ""stop_code"": ""STE"", ""lat"": 13.0365411, ""lon"": 80.2464942}, {""gateName"": ""B2-Near Rangoon Street"", ""stop_code"": ""STE"", ""lat"": 13.0370173, ""lon"": 80.2463146}]",13.03782035,80.24640937,TEYNAMPET,
chennai_data,STG,,"[{""gateName"": ""E1-Near Thangam Mahal"", ""stop_code"": ""STG"", ""lat"": 13.1426625, ""lon"": 80.2960025}, {""gateName"": ""E2-Near Thangal Bus Stop"", ""stop_code"": ""STG"", ""lat"": 13.1437822, ""lon"": 80.2964716}, {""gateName"": ""E3-Near N4 BeachKasimedu Fishmarket"", ""stop_code"": ""STG"", ""lat"": 13.1437293, ""lon"": 80.296612}]",13.14266249,80.29600255,TOLLGATE METRO,
chennai_data,STI,,"[{""gateName"": ""B2-Near Kotak Mahindra Bank"", ""stop_code"": ""STI"", ""lat"": 13.085426, ""lon"": 80.2009641}, {""gateName"": ""B1-Near VR Mall"", ""stop_code"": ""STI"", ""lat"": 13.0851786, ""lon"": 80.2011116}, {""gateName"": ""A2-Near Kora Food Street"", ""stop_code"": ""STI"", ""lat"": 13.0853509, ""lon"": 80.2023592}, {""gateName"": ""A3-Near GST Office"", ""stop_code"": ""STI"", ""lat"": 13.0851397, ""lon"": 80.2023094}]",13.08499774,80.20220918,THIRUMANGALAM,
chennai_data,STL,,"[{""gateName"": ""A4-Near Spencer Plaza"", ""stop_code"": ""STL"", ""lat"": 13.059354, ""lon"": 80.2595049}, {""gateName"": ""A1-Near Express Avenue Mall"", ""stop_code"": ""STL"", ""lat"": 13.0588606, ""lon"": 80.2592771}, {""gateName"": ""B1-Near Sathyam Cinemas"", ""stop_code"": ""STL"", ""lat"": 13.0580303, ""lon"": 80.2582136}, {""gateName"": ""B2-Towards Greams Road"", ""stop_code"": ""STL"", ""lat"": 13.0581949, ""lon"": 80.2581123}]",13.05936791,80.25947454,THOUSAND LIGHTS,
chennai_data,STR,,"[{""gateName"": ""E1-Near Akasthya Apartments"", ""stop_code"": ""STR"", ""lat"": 13.12394, ""lon"": 80.2882885}, {""gateName"": ""E4-Near H3 Police Stationparking"", ""stop_code"": ""STR"", ""lat"": 13.1234554, ""lon"": 80.288004}, {""gateName"": ""E3-Near M.M. Theatre"", ""stop_code"": ""STR"", ""lat"": 13.1249108, ""lon"": 80.289039}, {""gateName"": ""E2-Near Apollo Hospitals Tondiarpet"", ""stop_code"": ""STR"", ""lat"": 13.1246137, ""lon"": 80.2887749}]",13.12398868,80.28817191,TONDIARPET METRO,
chennai_data,STT,,"[{""gateName"": ""E1-Near Tiruvottiyur Railway Station"", ""stop_code"": ""STT"", ""lat"": 13.1598061, ""lon"": 80.3022376}, {""gateName"": ""E2-Near N8 Beach"", ""stop_code"": ""STT"", ""lat"": 13.1600309, ""lon"": 80.3024342}]",13.15976007,80.30221762,THIRUVOTRIYUR THERADI METRO,
chennai_data,STV,,"[{""gateName"": ""E3-Near TNEB Office"", ""stop_code"": ""STV"", ""lat"": 13.1725035, ""lon"": 80.3055567}, {""gateName"": ""E2-Near Thiruvotriyur Bus Depot"", ""stop_code"": ""STV"", ""lat"": 13.1723296, ""lon"": 80.305297}]",13.17254477,80.30558561,THIRUVOTRIYUR METRO,
chennai_data,SVA,,"[{""gateName"": ""B-Near NEXUS Mall"", ""stop_code"": ""SVA"", ""lat"": 13.0508097, ""lon"": 80.2116621}, {""gateName"": ""A-Near SIMS Hospital"", ""stop_code"": ""SVA"", ""lat"": 13.0510598, ""lon"": 80.21196}, {""gateName"": ""D-Near Vadapalani Murugan Temple"", ""stop_code"": ""SVA"", ""lat"": 13.0508413, ""lon"": 80.212205}]",13.0510565,80.21168145,VADAPALANI,
chennai_data,SWA,,"[{""gateName"": ""B2-Near Stanley Govt Hospital"", ""stop_code"": ""SWA"", ""lat"": 13.1063655, ""lon"": 80.2801755}, {""gateName"": ""A1-Near Suburban Railway Station"", ""stop_code"": ""SWA"", ""lat"": 13.1082809, ""lon"": 80.280927}, {""gateName"": ""A2A-Near Dakshinamoorthy Kovil"", ""stop_code"": ""SWA"", ""lat"": 13.1082451, ""lon"": 80.2812201}]",13.10657326,80.28076413,WASHERMENPET METRO,
chennai_data,SWD,,"[{""gateName"": ""E1-Near ITC Company"", ""stop_code"": ""SWD"", ""lat"": 13.1844788, ""lon"": 80.3089535}]",13.18430393,80.30910134,WIMCO NAGAR DEPOT STATION,
chennai_data,SWN,,"[{""gateName"": ""E1-Near Wimconagar Railway Station"", ""stop_code"": ""SWN"", ""lat"": 13.1785946, ""lon"": 80.3070637}, {""gateName"": ""E3-Near Wimconagar Bus Stop"", ""stop_code"": ""SWN"", ""lat"": 13.178432, ""lon"": 80.3072099}]",13.17892519,80.30714058,WIMCO NAGAR METRO,
