gtfs_id,provider_stop_code,stop_code
chennai_metro_nammayatri_partnerorg,SGE|0109,f1af3af8-acd5-4cff-ba67-443c39aa043a
chennai_metro_nammayatri_partnerorg,SHC|0105,30896c2b-b138-4622-bcf4-950047593cd2
chennai_metro_nammayatri_partnerorg,SKP|01F5,f8fd5b6c-f687-4cf4-978e-92b3291b84a1
chennai_metro_nammayatri_partnerorg,SLI|0111,73c28eaa-1854-4ab0-ab81-7a5097772bfa
chennai_metro_nammayatri_partnerorg,SLM|0123,b2194993-cf37-4edd-b3c8-d0d51b8a9694
chennai_metro_nammayatri_partnerorg,SMA|0103,84fb33fd-b73d-4f7f-975a-7fbb6496d956
chennai_metro_nammayatri_partnerorg,SME|0131,aea13170-cc8c-4958-aba9-f465c9df8352
chennai_metro_nammayatri_partnerorg,SCR|0119,2e8fc614-6f94-41c3-baeb-99b7c0d27bb1
chennai_metro_nammayatri_partnerorg,SNW|01F9,af82359e-38d1-4117-9798-dba4901c81d9
chennai_metro_nammayatri_partnerorg,SSA|0121,03a5b176-cbeb-43ab-ba40-b5db6dc98ae1
chennai_metro_nammayatri_partnerorg,STE|0117,38de1336-7355-473f-ad70-a7ebb02f3b7d
chennai_metro_nammayatri_partnerorg,STC|01FD,911e5fb8-d60e-4d6c-bc27-756212f5da51
chennai_metro_nammayatri_partnerorg,STV|01F1,b39464d4-73f8-404a-9528-65979c4a2b54
chennai_metro_nammayatri_partnerorg,STT|01F3,a4d0fe8c-1b2b-48af-be78-cce4a2178098
chennai_metro_nammayatri_partnerorg,STL|0113,7160f60f-28a4-4e7c-8809-ac4480aec8a1
chennai_metro_nammayatri_partnerorg,STG|01F7,f515efb3-6122-478d-bf32-41d00135a03b
chennai_metro_nammayatri_partnerorg,STR|01FB,2ba1e24b-6b51-4750-9186-fff179fae542
chennai_metro_nammayatri_partnerorg,SWA|0101,8c9232aa-2733-449f-ac7f-c5826b3a8342
chennai_metro_nammayatri_partnerorg,SWD|01ED,8c75dad6-ab10-4e4e-a32b-518544331f25
chennai_metro_nammayatri_partnerorg,SWN|01EF,90ec1de8-f088-4bc3-aca7-bab7c282100f
chennai_metro_nammayatri_partnerorg,SAE|0213,d0675bc1-6d9d-4cec-b811-d3bba72718e4
chennai_metro_nammayatri_partnerorg,SAT|0215,effd95d1-805c-4fdc-bcf4-5cbd57f7202f
chennai_metro_nammayatri_partnerorg,SAL|0231,b764c82b-c3bb-4a04-a444-343f05d9a35d
chennai_metro_nammayatri_partnerorg,SAR|0223,c9a739b8-dc27-4d31-8d33-8592285ecb02
chennai_metro_nammayatri_partnerorg,SGU|0125,b3455347-fdc0-4e45-9e7b-69bf675fbc8c
chennai_metro_nammayatri_partnerorg,SAN|0227,7b23d184-ee76-4eb6-830d-5e74e094db01
chennai_metro_nammayatri_partnerorg,SEG|0203,4dabdae1-d625-4d92-b073-ed9ef3e80d45
chennai_metro_nammayatri_partnerorg,SSI|0229,571a3f6b-c1c3-468b-87f7-ff2b0c064c2d
chennai_metro_nammayatri_partnerorg,SKM|0207,282c79e1-a405-472c-a650-3aa4c7b2a573
chennai_metro_nammayatri_partnerorg,SKO|0219,06c8f6aa-b9ae-4006-aec0-9e54051f32a6
chennai_metro_nammayatri_partnerorg,SNP|0205,887fc0c8-36bc-4074-9347-10599e7eaebb
chennai_metro_nammayatri_partnerorg,SPC|0209,cb598781-a44c-4342-9660-1c932a7680d8
chennai_metro_nammayatri_partnerorg,SCC|0201,073bda1a-cc69-41c4-9e98-87b02bb71135
chennai_metro_nammayatri_partnerorg,SCM|0221,95afb8f4-4d81-4e0d-a2d5-8b12b2b92883
chennai_metro_nammayatri_partnerorg,SSN|0211,d3e89a9a-6bf0-46df-93e3-3700d4698c3e
chennai_metro_nammayatri_partnerorg,SMM|0233,93f84dcd-1e93-4b91-a4d6-d433a8c85e80
chennai_metro_nammayatri_partnerorg,STI|0217,9b8a19fa-0a31-4f57-a4ad-113d828afb04
chennai_metro_nammayatri_partnerorg,SVA|0225,93afef11-2fc6-461e-aa29-824f11beaab6
chennai_metro_nammayatri_partnerorg,SOT|0129,758be4e2-6324-41a2-91ac-82df5bcea03a
chennai_metro_nammayatri_partnerorg,SGM|0115,719fca8c-dab8-4a2c-91ed-9cb034a2e2ab
chennai_metro_nammayatri_partnerorg,SAP|0133,f723fd25-aeed-4bc8-af80-69ef9c39871e
delhi_metro_nammayatri_partnerorg,118,775fe7f9-b84a-45d9-a806-cb0e3567c40f
delhi_metro_nammayatri_partnerorg,22,c7e6aaa9-053f-471c-aff1-a03e65903633
delhi_metro_nammayatri_partnerorg,133,a5548401-f2c8-443f-9465-fd9574971c6d
delhi_metro_nammayatri_partnerorg,132,023ccbb1-b122-4d09-9323-1298dc2ef137
delhi_metro_nammayatri_partnerorg,119,2ad69059-9f1c-4414-a615-e3058f54aa81
delhi_metro_nammayatri_partnerorg,98,0a2bb004-5a7e-46c8-b602-e7c70717a6e8
delhi_metro_nammayatri_partnerorg,120,560f176d-1f88-48f6-baa6-57355427ef2a
delhi_metro_nammayatri_partnerorg,198,28d78009-a1fd-41c9-8d75-bd49471a5474
delhi_metro_nammayatri_partnerorg,121,b432136c-8584-44e4-ac59-dd10dd4411b4
delhi_metro_nammayatri_partnerorg,194,bf755cb9-e608-48a7-865c-aab7bd75fafe
delhi_metro_nammayatri_partnerorg,196,4839acb7-d9f2-44a7-a91b-50fcd925e755
delhi_metro_nammayatri_partnerorg,176,09e66f26-22d5-45a3-8edc-8cc340b74ba8
delhi_metro_nammayatri_partnerorg,168,d3c1b5f5-20a3-49ee-8eb7-123566d4d619
delhi_metro_nammayatri_partnerorg,47,a8932497-4b1b-4a40-820c-2234d8297f1f
delhi_metro_nammayatri_partnerorg,200,91aa2ed2-f4e1-4322-8584-ca3c58ceec53
delhi_metro_nammayatri_partnerorg,231,ab55eec7-b487-483d-9c5f-10923602aa03
delhi_metro_nammayatri_partnerorg,232,b03d5ee6-9723-40d5-bc32-402f556609b9
delhi_metro_nammayatri_partnerorg,233,2541b073-2183-4978-b816-4068e674700a
delhi_metro_nammayatri_partnerorg,234,9b3cd283-cd57-45b5-98d7-b327bc18836f
delhi_metro_nammayatri_partnerorg,235,62788186-24b5-43e7-9e46-87b3521ccd1b
delhi_metro_nammayatri_partnerorg,236,0c5f4e42-d0b5-407c-924f-d008ff1a3a1c
delhi_metro_nammayatri_partnerorg,237,ab3e3385-5d0a-42db-8f44-7ebc8c6244b8
delhi_metro_nammayatri_partnerorg,149,bdef960a-5b5a-49cf-a2e7-df0f8bfd133f
delhi_metro_nammayatri_partnerorg,148,46945cde-405d-4d38-bf56-a3f03a610992
delhi_metro_nammayatri_partnerorg,147,f5cdeaed-6694-4c6d-8267-83ff893cb420
delhi_metro_nammayatri_partnerorg,62,c161650b-5fe5-4dbf-b6b8-f659973b9d97
delhi_metro_nammayatri_partnerorg,63,c9de82f2-4ea8-4ed5-93b2-d414c4156ff6
delhi_metro_nammayatri_partnerorg,64,1cc98343-6d5a-40b6-ac78-91de057a15bf
delhi_metro_nammayatri_partnerorg,65,7b89ab79-1f65-4eca-844f-87925ed4b7fc
delhi_metro_nammayatri_partnerorg,26,15c1cafe-ff10-47cd-bb29-7c141d5f3f17
delhi_metro_nammayatri_partnerorg,66,3a6209eb-ef2e-443a-b02b-a81c39b6bc70
delhi_metro_nammayatri_partnerorg,19,67d64698-90c4-48ef-95e0-242e2f622fb1
delhi_metro_nammayatri_partnerorg,20,bfdfff35-4899-45c1-924a-2e0b6095b6ff
delhi_metro_nammayatri_partnerorg,21,5d46baf4-c742-4ad5-aeb2-24c3ba6f0ed4
delhi_metro_nammayatri_partnerorg,23,6a34a3eb-9117-44e3-a649-0a59be694f11
delhi_metro_nammayatri_partnerorg,24,8b89cfea-3ada-4e1a-b2c9-f145c3bdea85
delhi_metro_nammayatri_partnerorg,25,5b913c72-7a1e-4181-8a82-1c44cbd5b60b
delhi_metro_nammayatri_partnerorg,84,a9f12f0f-8cf8-4e1e-868a-56524de63e8c
delhi_metro_nammayatri_partnerorg,85,d10f9c5f-8a3f-4524-ab2d-b320fd6ecd36
delhi_metro_nammayatri_partnerorg,86,e9762307-abc2-4852-8153-f002f3649c9a
delhi_metro_nammayatri_partnerorg,87,6caa8ee0-9a3b-401a-8f41-c16904bfa209
delhi_metro_nammayatri_partnerorg,5,ea0ab948-38a4-4cad-a02b-2f4951d62717
delhi_metro_nammayatri_partnerorg,88,789c48b5-e04b-4be3-a1a4-9d749be80865
delhi_metro_nammayatri_partnerorg,89,ae2b3cb8-6fe3-4ff2-a914-7d90dd87a3f2
delhi_metro_nammayatri_partnerorg,90,d42dce68-3d4e-4985-aff4-72fbd1beada2
delhi_metro_nammayatri_partnerorg,91,14fddce7-1573-4fd4-ad59-fa5a10a1d4cd
delhi_metro_nammayatri_partnerorg,92,e5eae4e2-f563-48f5-8014-e9e13f59ffcc
delhi_metro_nammayatri_partnerorg,93,247a2035-084b-490e-801a-5504a2a7eaf9
delhi_metro_nammayatri_partnerorg,94,f54ee77c-d88b-44a3-9e26-f3d71f005305
delhi_metro_nammayatri_partnerorg,95,92a65018-56ef-4d43-ad4a-e34d2f9bb053
delhi_metro_nammayatri_partnerorg,96,1b6aa922-5382-41cd-a1eb-fb449450c262
delhi_metro_nammayatri_partnerorg,97,7df40b7c-7711-42c2-984c-fb5802ab6245
delhi_metro_nammayatri_partnerorg,99,d5b3051b-0248-49bc-a279-e1a5bef8c723
delhi_metro_nammayatri_partnerorg,100,4a0a5503-b49b-45fe-8cd7-e5d3ebed8bfd
delhi_metro_nammayatri_partnerorg,101,efe7f8a9-cff1-4307-a458-a58896ccf88b
delhi_metro_nammayatri_partnerorg,27,c813ac28-39d1-478b-866c-fdda7afb6730
delhi_metro_nammayatri_partnerorg,28,d0528880-ef2f-47b3-b123-672a1f68e9fa
delhi_metro_nammayatri_partnerorg,83,3d074250-c52c-45f4-a750-bfb33a8ccef8
delhi_metro_nammayatri_partnerorg,135,b8006621-c8ae-461d-a77d-177663b18190
delhi_metro_nammayatri_partnerorg,32,3b167157-9681-457d-857e-c104c0db08cc
delhi_metro_nammayatri_partnerorg,192,4fbf62ed-6f05-4832-baa1-7b855e848f02
delhi_metro_nammayatri_partnerorg,191,d180181c-b03c-4e2e-9477-e960e16d9147
delhi_metro_nammayatri_partnerorg,190,e6767cab-b2bc-4181-9819-575d10b26446
delhi_metro_nammayatri_partnerorg,189,c2386662-02e5-4d0d-bca1-b86a3d4853e0
delhi_metro_nammayatri_partnerorg,188,2765536c-47db-4c4e-8f3c-4288b9c89a06
delhi_metro_nammayatri_partnerorg,187,be56b76e-0982-4598-95b3-7f2f885f7f3a
delhi_metro_nammayatri_partnerorg,186,2fc08c5b-ef93-4d5d-91f3-5338f2117349
delhi_metro_nammayatri_partnerorg,185,54a995ed-6f96-4eea-8f8f-c4e5a4169848
delhi_metro_nammayatri_partnerorg,122,df341222-3d05-458d-ba7d-43b77e77b4eb
delhi_metro_nammayatri_partnerorg,124,04196836-b1d3-4897-988d-98d1c1dbd760
delhi_metro_nammayatri_partnerorg,123,315a2fc8-83c9-4e86-9441-b1b8ea2b1cb3
delhi_metro_nammayatri_partnerorg,125,cc5e27a1-6fba-4a98-a032-9d1dab8a4e2c
delhi_metro_nammayatri_partnerorg,184,2e67c0ac-d4ed-495a-9e41-912908403495
delhi_metro_nammayatri_partnerorg,183,5a9cfdc2-9ca1-468f-979f-2ae65572f5b5
delhi_metro_nammayatri_partnerorg,182,bc449c07-7c94-4d1e-8cf4-083ea5dfb28b
delhi_metro_nammayatri_partnerorg,180,f5603be4-fdf4-40ef-b396-937284e65273
delhi_metro_nammayatri_partnerorg,179,ea283cce-e3cf-491e-bd61-7965ccac9546
delhi_metro_nammayatri_partnerorg,178,e562b258-95e4-4886-8078-3bd3d4d31b0b
delhi_metro_nammayatri_partnerorg,177,2ad0121c-c8f0-4536-9ca4-557be9d1a67a
delhi_metro_nammayatri_partnerorg,175,c2f34ca1-e100-40fb-b5e0-938ce3342ee4
delhi_metro_nammayatri_partnerorg,174,23cd7709-4c86-49fa-b634-694fdec5874d
delhi_metro_nammayatri_partnerorg,173,d1eff0aa-9b55-4b80-84d4-42c1a92b93ee
delhi_metro_nammayatri_partnerorg,172,f69f1291-f73c-4994-be51-06a543b265d1
delhi_metro_nammayatri_partnerorg,171,12f9decd-a1da-4995-8783-0544b11b38b9
delhi_metro_nammayatri_partnerorg,170,4abc3775-077a-4fab-8705-86f98a4fee1d
delhi_metro_nammayatri_partnerorg,169,549876d1-0838-4e8c-a09b-1a1a7979aaf3
delhi_metro_nammayatri_partnerorg,134,d74e62db-6ee9-4be7-b6d8-d5b374b5cc5e
delhi_metro_nammayatri_partnerorg,58,e5c9f875-e4e0-4c40-a187-00a999074291
delhi_metro_nammayatri_partnerorg,57,db2acb50-b874-4fc9-bea2-23e75cf96f45
delhi_metro_nammayatri_partnerorg,56,7e566424-1d3e-49c1-95eb-e362fe21d36d
delhi_metro_nammayatri_partnerorg,55,60dec3c4-0d19-45ac-a884-137b5fdb2554
delhi_metro_nammayatri_partnerorg,54,264406e5-8a35-4106-9899-31698c523fde
delhi_metro_nammayatri_partnerorg,53,719c3c66-f511-46ec-a8d2-4a06cc0d2fbd
delhi_metro_nammayatri_partnerorg,52,c88e9b65-9dcd-462d-ae30-48f43d718f10
delhi_metro_nammayatri_partnerorg,51,12662ae3-d508-452a-9420-62934f67e21a
delhi_metro_nammayatri_partnerorg,50,dfce5abf-bf82-4137-966e-46067b7d644a
delhi_metro_nammayatri_partnerorg,49,acfd93d1-f487-4bdc-a763-0e5de4a08983
delhi_metro_nammayatri_partnerorg,48,01fdfd92-2e23-421c-89bd-53072ad12a7f
delhi_metro_nammayatri_partnerorg,46,38ab998e-8d42-44c0-ba14-49fd46f59bba
delhi_metro_nammayatri_partnerorg,45,c97fc4bf-7f3a-41af-8432-d127f99dc575
delhi_metro_nammayatri_partnerorg,44,9dccbba4-5206-45cf-ac3e-01d50a677f0d
delhi_metro_nammayatri_partnerorg,43,4b312ab4-6f33-4db7-9a89-70e7f2925270
delhi_metro_nammayatri_partnerorg,42,99a8d4e0-f8b4-4ae4-b180-b3bfcc1bdbf6
delhi_metro_nammayatri_partnerorg,41,2fedfe62-848d-4d65-aff2-169b4dafca2c
delhi_metro_nammayatri_partnerorg,40,dcba437e-c9ba-47d2-9a35-8f5e7c20e82d
delhi_metro_nammayatri_partnerorg,38,de3bd285-df51-4da2-8a69-95be30940a60
delhi_metro_nammayatri_partnerorg,37,569b2cfa-6720-47f3-bd72-e914f17d50f3
delhi_metro_nammayatri_partnerorg,36,40487329-0b2a-43ae-abe0-f0617fdbac5b
delhi_metro_nammayatri_partnerorg,35,a41a5882-2c7d-4765-a48e-187bfd53196c
delhi_metro_nammayatri_partnerorg,34,ad9d29e0-4e0c-4b21-987d-d434d073008a
delhi_metro_nammayatri_partnerorg,33,fed2d998-77b8-4df0-8e45-c62cf2a6bf20
delhi_metro_nammayatri_partnerorg,29,e9befcd1-4824-443b-8471-384bbc75b92c
delhi_metro_nammayatri_partnerorg,72,6b508bc7-3eca-48bb-be48-3d382a13acf4
delhi_metro_nammayatri_partnerorg,73,d6a715c9-ee9c-4624-a235-a5296dc48700
delhi_metro_nammayatri_partnerorg,74,0999d741-3113-4841-9b25-0906d58e87e6
delhi_metro_nammayatri_partnerorg,75,7805e05e-cf02-4ce2-96f2-fc9159d86813
delhi_metro_nammayatri_partnerorg,76,b02d97e7-1dba-4e6b-94f5-f2771a0e7b34
delhi_metro_nammayatri_partnerorg,77,5c7bdafa-ff35-488b-9330-1c441b433d5b
delhi_metro_nammayatri_partnerorg,78,2f82ebd2-7aa6-445e-97f0-cab53e02de32
delhi_metro_nammayatri_partnerorg,79,c75d80da-94d2-48d9-846d-c3708bd2df26
delhi_metro_nammayatri_partnerorg,80,b4ccfa68-cbf8-4b56-aa22-020a61b7afa3
delhi_metro_nammayatri_partnerorg,81,70193f0d-4268-4664-8f42-31e93d3bfde3
delhi_metro_nammayatri_partnerorg,82,550419f6-c97b-45b6-8ce2-f752c0c2c7b0
delhi_metro_nammayatri_partnerorg,225,a6251283-8aa6-4885-b6ee-e7bd053320b6
delhi_metro_nammayatri_partnerorg,226,3a4fa1dd-ebad-4014-81f5-32e6e2b901ea
delhi_metro_nammayatri_partnerorg,227,2a9acbd7-c6ff-4986-9ac8-7b3f5dbd4b62
delhi_metro_nammayatri_partnerorg,228,b0df8317-14cc-4b28-9945-81440922b05a
delhi_metro_nammayatri_partnerorg,229,2f7b2a30-9058-48e2-9a94-e0ff6681994e
delhi_metro_nammayatri_partnerorg,230,a7369626-fcb0-4ad5-a87d-638f188069b1
delhi_metro_nammayatri_partnerorg,71,3b40a5a0-f179-47e8-837d-5fe8d56f0947
delhi_metro_nammayatri_partnerorg,70,1fcad2f2-ac4f-4e52-a542-2c84e8257809
delhi_metro_nammayatri_partnerorg,69,87b22399-b8c6-49da-a0a8-f2e3c284e4df
delhi_metro_nammayatri_partnerorg,68,47505a5a-d809-4fd9-944e-85b6558b60cc
delhi_metro_nammayatri_partnerorg,67,80ab612b-c46c-4f2f-a898-50314918f2f5
delhi_metro_nammayatri_partnerorg,136,14f50d69-e94f-4653-8414-e8b12223a519
delhi_metro_nammayatri_partnerorg,137,01534d96-55b8-4f24-9a55-065f4cf82c0e
delhi_metro_nammayatri_partnerorg,193,1d9ca66e-3726-4b17-9528-fcbe53d99018
delhi_metro_nammayatri_partnerorg,195,b0eeb3ca-b454-4d48-aa75-04704b1e1267
delhi_metro_nammayatri_partnerorg,197,a0365db9-497a-42a6-9617-48651f1bfbb6
delhi_metro_nammayatri_partnerorg,199,6ee88666-a5ed-4f67-9dda-77db1c5bb7ee
delhi_metro_nammayatri_partnerorg,201,58e804bd-7c4b-4ba4-a7e8-064e95612823
delhi_metro_nammayatri_partnerorg,202,a85dbc72-fe48-40fa-8fcb-f134303e9edf
delhi_metro_nammayatri_partnerorg,203,aee744c7-71fd-4198-8862-751f677e1da4
delhi_metro_nammayatri_partnerorg,204,a14db16b-730c-4690-83a8-94fa6cbba487
delhi_metro_nammayatri_partnerorg,205,e36f3d1c-fc09-41cc-bc18-a02880cbbb23
delhi_metro_nammayatri_partnerorg,206,093250e2-9a86-47de-ba7b-296be89c5d89
delhi_metro_nammayatri_partnerorg,207,c51b6e43-3c09-48a3-9673-c02fd47c4c83
delhi_metro_nammayatri_partnerorg,208,882c3899-1d84-4593-a9fe-0dd5fbc49f11
delhi_metro_nammayatri_partnerorg,106,5bdaf512-0eb5-453d-924b-4b5793888c78
delhi_metro_nammayatri_partnerorg,209,0fa0e7f6-717c-4a06-89b2-e26bd2f0046e
delhi_metro_nammayatri_partnerorg,210,45abcfa9-d99b-4f64-bf58-d373639a8891
delhi_metro_nammayatri_partnerorg,211,7c1fb8f9-7565-4eae-8035-06c0ff19e8d1
delhi_metro_nammayatri_partnerorg,212,2b92b000-a4ca-476d-bb22-287bd2b2a2b1
delhi_metro_nammayatri_partnerorg,213,e33aadb8-b1d9-4d74-9a48-883a4e789f85
delhi_metro_nammayatri_partnerorg,214,cce06b3c-d921-4c83-9c60-75e85d1ac9b0
delhi_metro_nammayatri_partnerorg,215,e7de49de-2125-4132-8055-174a123ddd88
delhi_metro_nammayatri_partnerorg,216,d033052f-2459-404c-bf3c-330bed34652c
delhi_metro_nammayatri_partnerorg,217,60d6a60a-7457-414b-a743-2dc37d57a14b
delhi_metro_nammayatri_partnerorg,218,86ccf09a-bceb-4e26-b5d9-0a97045e2027
delhi_metro_nammayatri_partnerorg,219,7b2e1242-74de-4762-a1da-404c2410b3a6
delhi_metro_nammayatri_partnerorg,2,94e26a59-5a1d-4f08-97f2-f3524ae63a58
delhi_metro_nammayatri_partnerorg,220,bb3219fa-afe5-423a-bdef-17d2116fb96c
delhi_metro_nammayatri_partnerorg,221,2bee3a38-29a3-4bcf-a1ec-1b77f28666a1
delhi_metro_nammayatri_partnerorg,222,43390804-4990-4b40-b40d-6390459173f4
delhi_metro_nammayatri_partnerorg,223,d879d0b4-85a3-4bde-9de8-9c42c708c74c
delhi_metro_nammayatri_partnerorg,224,822f84fa-5574-4fb8-92ef-7b32e3491e19
delhi_metro_nammayatri_partnerorg,245,2257beec-64c9-4633-9388-8a89dc7b4771
delhi_metro_nammayatri_partnerorg,244,2001ab3e-9279-4261-9944-2076fff5b627
delhi_metro_nammayatri_partnerorg,243,21b51258-64d8-4dc8-8158-2cea3baec9ea
delhi_metro_nammayatri_partnerorg,242,3f160ef8-c6a6-4fd2-809b-6597e1978b3f
delhi_metro_nammayatri_partnerorg,241,63fb24a8-9788-4b88-95d8-98bbe32fc933
delhi_metro_nammayatri_partnerorg,240,d77d0d1b-67d9-4b67-bbee-2d29e6fbe9e1
delhi_metro_nammayatri_partnerorg,239,dba8ad4b-2934-46dd-984e-3bf574663259
delhi_metro_nammayatri_partnerorg,238,0b525bdc-7c8b-4f8a-9fba-5d101cf7bf0f
delhi_metro_nammayatri_partnerorg,61,ae1c7d5c-0db5-4cd9-8aa0-6fa648a29fb7
delhi_metro_nammayatri_partnerorg,60,7f33c66e-d29b-43c9-bb3b-22574e8c6a02
delhi_metro_nammayatri_partnerorg,59,a9df9b6d-6bd1-4644-87f9-7af30c54337d
delhi_metro_nammayatri_partnerorg,1,04e8faa8-312c-44e8-ba6c-39c2fa2577b3
delhi_metro_nammayatri_partnerorg,3,d4997c96-49b2-4cd4-998f-b1498a38536f
delhi_metro_nammayatri_partnerorg,4,77360552-2032-4380-9d25-d5fa8fa7057f
delhi_metro_nammayatri_partnerorg,6,d8f0e92f-d902-45fd-975b-07fd1347587c
delhi_metro_nammayatri_partnerorg,7,1a42a8fd-925b-419a-9917-30fbbddf23c1
delhi_metro_nammayatri_partnerorg,8,c332ac6b-9732-4b01-b8f0-02244b622c3f
delhi_metro_nammayatri_partnerorg,9,1f9c0d4a-fba3-413c-8136-38c0c6d58eb9
delhi_metro_nammayatri_partnerorg,10,ed54d1b2-c1e0-4685-9ecb-6215481435ff
delhi_metro_nammayatri_partnerorg,11,cf82b913-27df-4bdb-b04c-24d393ad6491
delhi_metro_nammayatri_partnerorg,12,05589606-3291-41f7-a8d5-64e300c9965d
delhi_metro_nammayatri_partnerorg,13,269a6d6a-f2e4-4ea8-8c45-bb5cf97b2dd5
delhi_metro_nammayatri_partnerorg,14,1ebb185a-6cad-4df5-a977-ba48eccdd601
delhi_metro_nammayatri_partnerorg,15,312a3718-ab3c-4e0d-b5c3-fb78c4cbe112
delhi_metro_nammayatri_partnerorg,16,f8852612-50d7-41b7-b26b-efdb2fabca48
delhi_metro_nammayatri_partnerorg,17,0d9e9030-9f96-4079-bc02-e80190fc5e64
delhi_metro_nammayatri_partnerorg,18,9444a9be-3829-4115-8672-d1856fd07fe0
delhi_metro_nammayatri_partnerorg,163,35f55e1c-1eb9-4537-9294-83231ba3c1d4
delhi_metro_nammayatri_partnerorg,162,93b5abcf-1b23-4601-9ea2-8ce686cd0256
delhi_metro_nammayatri_partnerorg,161,1523e492-789d-4606-86cc-546f576cfe3b
delhi_metro_nammayatri_partnerorg,145,7ac56135-0c83-4648-ac7d-de2c08255235
delhi_metro_nammayatri_partnerorg,102,445bd060-e563-4a9a-886e-2d94a16cd2b7
delhi_metro_nammayatri_partnerorg,126,a90a0e09-a0d0-4d1c-87a8-e7aad677e372
delhi_metro_nammayatri_partnerorg,127,7ee4cdc4-9020-4cd3-abc8-37e546433965
delhi_metro_nammayatri_partnerorg,128,8fa2a726-40e8-4870-a4a7-bd2e96f365ba
delhi_metro_nammayatri_partnerorg,129,fd02b955-8fb3-44ab-b047-9dd0bc82842c
delhi_metro_nammayatri_partnerorg,130,267c7291-2505-400a-a7f2-5200d12aa9b8
delhi_metro_nammayatri_partnerorg,131,50515d54-7c9b-4acf-9f6f-d9cd12c86a73
delhi_metro_nammayatri_partnerorg,160,aad2bd89-eb52-4911-bdf8-d96e2d001e9d
delhi_metro_nammayatri_partnerorg,159,a0960f90-9af2-4ae8-896f-b68c0752dbb0
delhi_metro_nammayatri_partnerorg,138,fbf48442-4776-4126-a9a8-76faa3c42bd6
delhi_metro_nammayatri_partnerorg,139,60a35056-d9fb-492f-afc6-791c6d78d811
delhi_metro_nammayatri_partnerorg,140,e54e8e6b-c03e-41f9-980b-eff589fca48f
delhi_metro_nammayatri_partnerorg,141,480403d3-a1d6-4927-b1cf-9be74b6ee10c
delhi_metro_nammayatri_partnerorg,142,694a601f-a354-4768-ac1f-dc1a4c6a4e3e
delhi_metro_nammayatri_partnerorg,143,a811fc7e-596f-4637-8046-fe0761222bda
delhi_metro_nammayatri_partnerorg,248,6c999042-2104-4f45-8b13-f701167df9a3
delhi_metro_nammayatri_partnerorg,249,9c6c81c2-5f45-4fb3-a0f9-892edf733271
delhi_metro_nammayatri_partnerorg,250,ea83dee5-798c-4437-ad13-2e3522a9a6f8
delhi_metro_nammayatri_partnerorg,167,026c6407-ee1c-4757-ad55-9ae73aa44ed3
delhi_metro_nammayatri_partnerorg,166,13ee22f9-952f-4f82-9cab-bf4045ed6dc7
delhi_metro_nammayatri_partnerorg,165,0bc2ee49-b5cb-4077-9273-831137416275
delhi_metro_nammayatri_partnerorg,164,82bab94c-f935-4bdf-9a6f-f33b6ac366ef
delhi_metro_nammayatri_partnerorg,146,397971fa-2a1b-426a-9d02-7657dfe7d2c2
delhi_metro_nammayatri_partnerorg,104,7e0f7014-4f55-4640-8b2d-443171a1b183
delhi_metro_nammayatri_partnerorg,105,6a26f1c4-fcad-480d-be9a-04dbfc28ca56
delhi_metro_nammayatri_partnerorg,107,677b217f-78c8-4404-b37e-6295b1a945c4
delhi_metro_nammayatri_partnerorg,108,a74118f5-01d4-4940-830e-2fc853053e60
delhi_metro_nammayatri_partnerorg,109,c25244e7-2df9-4090-95b8-01dbaa299de3
delhi_metro_nammayatri_partnerorg,110,87499b69-832c-4130-805e-d62a7e179738
delhi_metro_nammayatri_partnerorg,111,a5d8d3c2-529d-41a7-950d-76f78009866d
delhi_metro_nammayatri_partnerorg,112,daf2c889-8bc2-4a36-91d8-75daaa3fae74
delhi_metro_nammayatri_partnerorg,113,dabe5746-fc15-4cfa-a85e-04dad1c833eb
delhi_metro_nammayatri_partnerorg,114,7e704c88-7f62-439f-95f2-93a07d3bbd29
delhi_metro_nammayatri_partnerorg,115,c86b91ee-c128-478d-8ad0-c10b05e09254
delhi_metro_nammayatri_partnerorg,116,ea9843e8-9388-4c80-b2f4-b0444091dcb5
delhi_metro_nammayatri_partnerorg,117,a04e1642-6c8d-426f-a076-28fad4e0577b
delhi_metro_nammayatri_partnerorg,150,bc89c567-9823-49bc-93f2-fe492761ba9f
delhi_metro_nammayatri_partnerorg,151,9b78e348-bc1b-4b85-b05b-4489352d64d8
delhi_metro_nammayatri_partnerorg,152,9cb2a034-3d97-4b4d-974f-a71704062685
delhi_metro_nammayatri_partnerorg,153,1fba8699-cfb9-471e-8648-71d858301b5b
delhi_metro_nammayatri_partnerorg,154,ca887dcf-fb06-417d-8756-74037a6a25b2
delhi_metro_nammayatri_partnerorg,155,9c6fe365-4e46-4f8d-90c1-9458ee51b766
delhi_metro_nammayatri_partnerorg,156,37cb9f35-7afd-44da-bad9-e374968a32c8
delhi_metro_nammayatri_partnerorg,157,e964d9f1-2516-4c47-9bc6-96585b441c3b
delhi_metro_nammayatri_partnerorg,158,b0f6759f-5ee6-4b9c-8538-29ab8c5f48e2
delhi_metro_nammayatri_partnerorg,246,580722fd-2450-48d6-a539-f380267b3354
delhi_metro_nammayatri_partnerorg,247,c949e580-dfc4-4bf3-a13f-cfb968c2f4a4
delhi_metro_nammayatri_partnerorg,31,5d5c07ab-5c7d-471c-84e9-495b872327fb
delhi_metro_nammayatri_partnerorg,30,4f3acf95-a4c0-4c12-bdd6-32e346b196a6
delhi_metro_nammayatri_partnerorg,144,106455fb-188b-406c-80da-1816b7b3b000
delhi_metro_nammayatri_partnerorg,103,13313828-a465-48b9-96c6-389046bad3bc
delhi_metro_nammayatri_partnerorg,251,9cf7fdc0-dbba-43c0-9bed-0359e5f70b01
kochi_metro_nammayatri_partnerorg,TiPM1NhMJmlWtwKmSwKP1vBP9kwu4N,2c9be3bf-f5f2-c1ba-12c5-3372f95a2c17
kochi_metro_nammayatri_partnerorg,wzSo8ZMX6FEbJzmvVcftl6KKXoiW4Y,030e1cd8-47ed-1d4b-5245-bed24056889a
kochi_metro_nammayatri_partnerorg,8m3SWvdtmpEh16IziODHdkb0nUo8qU,1c90c64c-d91b-c4bd-95db-60dce5c675ae
kochi_metro_nammayatri_partnerorg,uiz4ZGRq9tFZFysnc78pO56Kg6PNJM,509cfa30-a7a9-9aab-0e51-1d2aeba846c2
kochi_metro_nammayatri_partnerorg,zOB3jfWkWYeNMGdL6P6KZ8bC6TubO4,cea24a30-5b82-7764-ba97-f55c23daa22d
kochi_metro_nammayatri_partnerorg,nMgcLugnZBOEewOjFeDSu1pGl36jYm,1eda0641-3940-93a3-4bef-910273b2787e
kochi_metro_nammayatri_partnerorg,T2MdwAUJcdblLfGIcdGY06eFMzyNAB,23794e95-af55-6dde-3ecb-2dc3a253eff2
kochi_metro_nammayatri_partnerorg,6DQGieynVaF1P40KZQkmYSgpee2cpa,4fed9e01-acc8-e45e-fdf0-2e01d630662e
kochi_metro_nammayatri_partnerorg,qr2sLsSjCuVxXNxXRbEG3W3ffK10XR,f1ece0b0-8c93-611c-e6e1-a5b5c6363879
kochi_metro_nammayatri_partnerorg,6ZVHrYAsHdGxShBlNypUstSxs5wRk4,d5b81c59-ece4-4e18-dc17-4076100a2704
kochi_metro_nammayatri_partnerorg,r3QT9fpkbpatdEfLbnOoD9IQLyAULD,7c7a7044-b351-81fb-5794-dde61b28fdeb
kochi_metro_nammayatri_partnerorg,kcWQyKminwwUMIrCwW3NvAdfwm7G5c,873934d3-21b9-f77b-972d-471683fdcdf0
kochi_metro_nammayatri_partnerorg,R4HCpMKg2fPr8hEpczuM8CT2FaDMBc,d8fe36f7-bd98-d150-0482-79e33464f9c6
kochi_metro_nammayatri_partnerorg,DpCK6bGWBlwMktblRYeNgI0VZHbEcE,572d2108-5bf6-273a-a817-8ac039533224
kochi_metro_nammayatri_partnerorg,IzDgp6eHvlAM0j5gHRhj3eFVaMbz4R,2938900f-b38b-5bc2-ae41-47387ebe28ad
kochi_metro_nammayatri_partnerorg,LC5TKn9rGqWQHwXxWbdzeEZ6vXjdNV,a15701c3-c401-8e2f-99bf-417bf0400d43
kochi_metro_nammayatri_partnerorg,PpIl60I5tDDzlOqYWvQqCureEf23lK,c917ee6f-875d-ec89-5264-bad7978151b7
kochi_metro_nammayatri_partnerorg,OgYhUl9wQIGM08WSSAWVf2wFoz96u1,0581ba50-385c-739d-3d6b-6e0ec6493373
kochi_metro_nammayatri_partnerorg,GsANvndkZxFDL7oFsug2HMCwDjx9HW,df541a65-cb03-1598-b940-e66efc1eae3c
kochi_metro_nammayatri_partnerorg,Qllz3sWplp96GgCIJonAOXxm7PUavn,cca2695f-a4a2-86e0-8ad4-6bbc510c167f
kochi_metro_nammayatri_partnerorg,xo4qCAnFzfrAekN55abFYX6ZI85bCJ,c5355a03-7b6e-8680-889b-42d808722588
kochi_metro_nammayatri_partnerorg,GLdIg0vrFRPxvEGwtrfpOEgv0jiB2W,215ecc11-4794-6f82-fae3-eb71b8fa5757
kochi_metro_nammayatri_partnerorg,T0DSwjrTHRWWkoSe9cUZXZ80l4MDw7,6e11c54c-15a3-9876-6610-7550e7c3bef3
kochi_metro_nammayatri_partnerorg,qOtgVIi8U27r2YcYZmNp5BDQsPvvTS,f0ae99d1-0a55-6d77-3dad-5c304a40fbed
kochi_metro_nammayatri_partnerorg,M4JSk7OupPIKYrnFPFGRWnlUqTrCZm,8742b614-3ece-1685-45d9-27bc9e053d26